EmployeeID,FinalBalance,StatementDate,Status
E1000,524.97,2025-04-22,Pending Validation
E1001,568.28,2025-04-22,Pending Validation
E1002,716.51,2025-04-22,Pending Validation
E1003,1019.12,2025-04-22,Pending Validation
E1004,1149.94,2025-04-22,Pending Validation
E1005,1066.66,2025-04-22,Pending Validation
E1006,422.24,2025-04-22,Pending Validation
E1007,1103.62,2025-04-22,Pending Validation
E1008,1138.14,2025-04-22,Pending Validation
E1009,450.83,2025-04-22,Pending Validation
E1010,776.37,2025-04-22,Pending Validation
E1011,465.35,2025-04-22,Pending Validation
E1012,1177.7,2025-04-22,Pending Validation
E1013,1302.35,2025-04-22,Pending Validation
E1014,768.92,2025-04-22,Pending Validation
E1015,1209.87,2025-04-22,Pending Validation
E1016,950.1,2025-04-22,Pending Validation
E1017,125.42,2025-04-22,Pending Validation
E1018,79.3,2025-04-22,Pending Validation
E1019,1097.66,2025-04-22,Pending Validation
E1020,151.32,2025-04-22,Pending Validation
E1021,1009.97,2025-04-22,Pending Validation
E1022,494.55,2025-04-22,Pending Validation
E1023,1115.06,2025-04-22,Pending Validation
E1024,974.18,2025-04-22,Pending Validation
E1025,855.36,2025-04-22,Pending Validation
E1026,540.99,2025-04-22,Pending Validation
E1027,286.9,2025-04-22,Pending Validation
E1028,573.53,2025-04-22,Pending Validation
E1029,1077.0,2025-04-22,Pending Validation
E1030,292.99,2025-04-22,Pending Validation
E1031,384.57,2025-04-22,Pending Validation
E1032,1250.92,2025-04-22,Pending Validation
E1033,559.99,2025-04-22,Pending Validation
E1034,117.87,2025-04-22,Pending Validation
E1035,952.53,2025-04-22,Pending Validation
E1036,871.98,2025-04-22,Pending Validation
E1037,784.59,2025-04-22,Pending Validation
E1038,475.7,2025-04-22,Pending Validation
E1039,1408.05,2025-04-22,Pending Validation
E1040,494.69,2025-04-22,Pending Validation
E1041,684.23,2025-04-22,Pending Validation
E1042,967.06,2025-04-22,Pending Validation
E1043,488.72,2025-04-22,Pending Validation
E1044,361.15,2025-04-22,Pending Validation
E1045,121.29,2025-04-22,Pending Validation
E1046,980.93,2025-04-22,Pending Validation
E1047,1410.02,2025-04-22,Pending Validation
E1048,1101.48,2025-04-22,Pending Validation
E1049,439.63,2025-04-22,Pending Validation
E1050,1532.93,2025-04-22,Pending Validation
E1051,827.01,2025-04-22,Pending Validation
E1052,1516.85,2025-04-22,Pending Validation
E1053,1294.27,2025-04-22,Pending Validation
E1054,1455.0,2025-04-22,Pending Validation
E1055,1331.82,2025-04-22,Pending Validation
E1056,807.42,2025-04-22,Pending Validation
E1057,218.81,2025-04-22,Pending Validation
E1058,1008.72,2025-04-22,Pending Validation
E1059,1258.95,2025-04-22,Pending Validation
E1060,1323.67,2025-04-22,Pending Validation
E1061,705.06,2025-04-22,Pending Validation
E1062,177.74,2025-04-22,Pending Validation
E1063,1221.21,2025-04-22,Pending Validation
E1064,215.83,2025-04-22,Pending Validation
E1065,422.62,2025-04-22,Pending Validation
E1066,717.57,2025-04-22,Pending Validation
E1067,841.26,2025-04-22,Pending Validation
E1068,1215.93,2025-04-22,Pending Validation
E1069,480.07,2025-04-22,Pending Validation
E1070,527.81,2025-04-22,Pending Validation
E1071,1350.78,2025-04-22,Pending Validation
E1072,1454.59,2025-04-22,Pending Validation
E1073,210.49,2025-04-22,Pending Validation
E1074,552.58,2025-04-22,Pending Validation
E1075,1108.03,2025-04-22,Pending Validation
E1076,600.85,2025-04-22,Pending Validation
E1077,1098.1,2025-04-22,Pending Validation
E1078,220.04,2025-04-22,Pending Validation
E1079,1333.69,2025-04-22,Pending Validation
E1080,1181.63,2025-04-22,Pending Validation
E1081,731.44,2025-04-22,Pending Validation
E1082,1395.42,2025-04-22,Pending Validation
E1083,599.02,2025-04-22,Pending Validation
E1084,931.47,2025-04-22,Pending Validation
E1085,1470.96,2025-04-22,Pending Validation
E1086,1259.24,2025-04-22,Pending Validation
E1087,852.72,2025-04-22,Pending Validation
E1088,928.36,2025-04-22,Pending Validation
E1089,399.98,2025-04-22,Pending Validation
E1090,226.08,2025-04-22,Pending Validation
E1091,943.7,2025-04-22,Pending Validation
E1092,1489.69,2025-04-22,Pending Validation
E1093,575.35,2025-04-22,Pending Validation
E1094,916.08,2025-04-22,Pending Validation
E1095,180.02,2025-04-22,Pending Validation
E1096,1294.32,2025-04-22,Pending Validation
E1097,973.48,2025-04-22,Pending Validation
E1098,574.13,2025-04-22,Pending Validation
E1099,381.68,2025-04-22,Pending Validation
E1100,1126.56,2025-04-22,Pending Validation
E1101,1460.35,2025-04-22,Pending Validation
E1102,446.44,2025-04-22,Pending Validation
E1103,225.77,2025-04-22,Pending Validation
E1104,127.44,2025-04-22,Pending Validation
E1105,1273.85,2025-04-22,Pending Validation
E1106,383.15,2025-04-22,Pending Validation
E1107,1416.63,2025-04-22,Pending Validation
E1108,884.57,2025-04-22,Pending Validation
E1109,1084.06,2025-04-22,Pending Validation
E1110,454.77,2025-04-22,Pending Validation
E1111,957.06,2025-04-22,Pending Validation
E1112,548.56,2025-04-22,Pending Validation
E1113,559.93,2025-04-22,Pending Validation
E1114,257.9,2025-04-22,Pending Validation
E1115,505.09,2025-04-22,Pending Validation
E1116,536.35,2025-04-22,Pending Validation
E1117,171.74,2025-04-22,Pending Validation
E1118,509.99,2025-04-22,Pending Validation
E1119,561.89,2025-04-22,Pending Validation
E1120,280.79,2025-04-22,Pending Validation
E1121,1478.77,2025-04-22,Pending Validation
E1122,106.08,2025-04-22,Pending Validation
E1123,1245.29,2025-04-22,Pending Validation
E1124,1328.24,2025-04-22,Pending Validation
E1125,557.53,2025-04-22,Pending Validation
E1126,973.44,2025-04-22,Pending Validation
E1127,1186.11,2025-04-22,Pending Validation
E1128,1289.56,2025-04-22,Pending Validation
E1129,120.96,2025-04-22,Pending Validation
E1130,1392.48,2025-04-22,Pending Validation
E1131,535.23,2025-04-22,Pending Validation
E1132,716.39,2025-04-22,Pending Validation
E1133,442.34,2025-04-22,Pending Validation
E1134,825.92,2025-04-22,Pending Validation
E1135,1459.57,2025-04-22,Pending Validation
E1136,1042.76,2025-04-22,Pending Validation
E1137,559.97,2025-04-22,Pending Validation
E1138,786.29,2025-04-22,Pending Validation
E1139,622.11,2025-04-22,Pending Validation
E1140,389.47,2025-04-22,Pending Validation
E1141,1293.25,2025-04-22,Pending Validation
E1142,179.16,2025-04-22,Pending Validation
E1143,1397.79,2025-04-22,Pending Validation
E1144,903.11,2025-04-22,Pending Validation
E1145,225.54,2025-04-22,Pending Validation
E1146,148.68,2025-04-22,Pending Validation
E1147,971.04,2025-04-22,Pending Validation
E1148,1119.7,2025-04-22,Pending Validation
E1149,496.02,2025-04-22,Pending Validation
E1150,1483.44,2025-04-22,Pending Validation
E1151,1472.01,2025-04-22,Pending Validation
E1152,463.43,2025-04-22,Pending Validation
E1153,922.82,2025-04-22,Pending Validation
E1154,1348.13,2025-04-22,Pending Validation
E1155,1463.1,2025-04-22,Pending Validation
E1156,104.12,2025-04-22,Pending Validation
E1157,607.71,2025-04-22,Pending Validation
E1158,90.31,2025-04-22,Pending Validation
E1159,1092.89,2025-04-22,Pending Validation
E1160,307.31,2025-04-22,Pending Validation
E1161,1000.31,2025-04-22,Pending Validation
E1162,413.9,2025-04-22,Pending Validation
E1163,1282.48,2025-04-22,Pending Validation
E1164,962.55,2025-04-22,Pending Validation
E1165,1257.49,2025-04-22,Pending Validation
E1166,334.54,2025-04-22,Pending Validation
E1167,294.78,2025-04-22,Pending Validation
E1168,1178.87,2025-04-22,Pending Validation
E1169,1387.4,2025-04-22,Pending Validation
E1170,918.4,2025-04-22,Pending Validation
E1171,438.24,2025-04-22,Pending Validation
E1172,1436.26,2025-04-22,Pending Validation
E1173,1163.88,2025-04-22,Pending Validation
E1174,680.86,2025-04-22,Pending Validation
E1175,287.3,2025-04-22,Pending Validation
E1176,754.2,2025-04-22,Pending Validation
E1177,572.03,2025-04-22,Pending Validation
E1178,569.89,2025-04-22,Pending Validation
E1179,586.79,2025-04-22,Pending Validation
E1180,143.33,2025-04-22,Pending Validation
E1181,1392.54,2025-04-22,Pending Validation
E1182,560.18,2025-04-22,Pending Validation
E1183,1415.37,2025-04-22,Pending Validation
E1184,1130.13,2025-04-22,Pending Validation
E1185,1026.77,2025-04-22,Pending Validation
E1186,855.96,2025-04-22,Pending Validation
E1187,439.25,2025-04-22,Pending Validation
E1188,341.72,2025-04-22,Pending Validation
E1189,713.92,2025-04-22,Pending Validation
E1190,1248.39,2025-04-22,Pending Validation
E1191,230.15,2025-04-22,Pending Validation
E1192,1323.68,2025-04-22,Pending Validation
E1193,702.91,2025-04-22,Pending Validation
E1194,120.68,2025-04-22,Pending Validation
E1195,1020.07,2025-04-22,Pending Validation
E1196,1104.38,2025-04-22,Pending Validation
E1197,932.02,2025-04-22,Pending Validation
E1198,1154.94,2025-04-22,Pending Validation
E1199,984.37,2025-04-22,Pending Validation
E1200,927.6,2025-04-22,Pending Validation
E1201,494.76,2025-04-22,Pending Validation
E1202,694.08,2025-04-22,Pending Validation
E1203,324.96,2025-04-22,Pending Validation
E1204,243.07,2025-04-22,Pending Validation
E1205,1135.99,2025-04-22,Pending Validation
E1206,1361.81,2025-04-22,Pending Validation
E1207,581.14,2025-04-22,Pending Validation
E1208,607.54,2025-04-22,Pending Validation
E1209,1291.44,2025-04-22,Pending Validation
E1210,706.21,2025-04-22,Pending Validation
E1211,924.19,2025-04-22,Pending Validation
E1212,170.1,2025-04-22,Pending Validation
E1213,348.18,2025-04-22,Pending Validation
E1214,1126.63,2025-04-22,Pending Validation
E1215,1379.97,2025-04-22,Pending Validation
E1216,977.39,2025-04-22,Pending Validation
E1217,160.91,2025-04-22,Pending Validation
E1218,969.99,2025-04-22,Pending Validation
E1219,708.24,2025-04-22,Pending Validation
E1220,783.12,2025-04-22,Pending Validation
E1221,488.1,2025-04-22,Pending Validation
E1222,1184.97,2025-04-22,Pending Validation
E1223,1475.81,2025-04-22,Pending Validation
E1224,182.94,2025-04-22,Pending Validation
E1225,218.83,2025-04-22,Pending Validation
E1226,1487.77,2025-04-22,Pending Validation
E1227,786.46,2025-04-22,Pending Validation
E1228,365.55,2025-04-22,Pending Validation
E1229,1363.59,2025-04-22,Pending Validation
E1230,1439.58,2025-04-22,Pending Validation
E1231,232.96,2025-04-22,Pending Validation
E1232,1105.56,2025-04-22,Pending Validation
E1233,891.72,2025-04-22,Pending Validation
E1234,521.35,2025-04-22,Pending Validation
E1235,1096.3,2025-04-22,Pending Validation
E1236,408.69,2025-04-22,Pending Validation
E1237,1223.68,2025-04-22,Pending Validation
E1238,467.8,2025-04-22,Pending Validation
E1239,411.75,2025-04-22,Pending Validation
E1240,937.98,2025-04-22,Pending Validation
E1241,1486.19,2025-04-22,Pending Validation
E1242,1093.32,2025-04-22,Pending Validation
E1243,952.0,2025-04-22,Pending Validation
E1244,1387.79,2025-04-22,Pending Validation
E1245,898.92,2025-04-22,Pending Validation
E1246,640.74,2025-04-22,Pending Validation
E1247,667.73,2025-04-22,Pending Validation
E1248,499.58,2025-04-22,Pending Validation
E1249,780.61,2025-04-22,Pending Validation
E1250,767.48,2025-04-22,Pending Validation
E1251,840.53,2025-04-22,Pending Validation
E1252,859.04,2025-04-22,Pending Validation
E1253,523.38,2025-04-22,Pending Validation
E1254,995.83,2025-04-22,Pending Validation
E1255,1255.74,2025-04-22,Pending Validation
E1256,932.94,2025-04-22,Pending Validation
E1257,1234.59,2025-04-22,Pending Validation
E1258,1365.05,2025-04-22,Pending Validation
E1259,180.34,2025-04-22,Pending Validation
E1260,525.41,2025-04-22,Pending Validation
E1261,697.52,2025-04-22,Pending Validation
E1262,400.74,2025-04-22,Pending Validation
E1263,504.52,2025-04-22,Pending Validation
E1264,233.08,2025-04-22,Pending Validation
E1265,42.63,2025-04-22,Pending Validation
E1266,712.46,2025-04-22,Pending Validation
E1267,140.07,2025-04-22,Pending Validation
E1268,368.34,2025-04-22,Pending Validation
E1269,1120.36,2025-04-22,Pending Validation
E1270,1273.36,2025-04-22,Pending Validation
E1271,705.2,2025-04-22,Pending Validation
E1272,518.96,2025-04-22,Pending Validation
E1273,1005.86,2025-04-22,Pending Validation
E1274,159.0,2025-04-22,Pending Validation
E1275,1315.87,2025-04-22,Pending Validation
E1276,525.56,2025-04-22,Pending Validation
E1277,778.25,2025-04-22,Pending Validation
E1278,1393.19,2025-04-22,Pending Validation
E1279,1158.53,2025-04-22,Pending Validation
E1280,121.11,2025-04-22,Pending Validation
E1281,1409.03,2025-04-22,Pending Validation
E1282,609.3,2025-04-22,Pending Validation
E1283,901.66,2025-04-22,Pending Validation
E1284,1150.78,2025-04-22,Pending Validation
E1285,1123.12,2025-04-22,Pending Validation
E1286,191.77,2025-04-22,Pending Validation
E1287,642.39,2025-04-22,Pending Validation
E1288,662.04,2025-04-22,Pending Validation
E1289,390.48,2025-04-22,Pending Validation
E1290,1021.7,2025-04-22,Pending Validation
E1291,561.71,2025-04-22,Pending Validation
E1292,682.56,2025-04-22,Pending Validation
E1293,1075.17,2025-04-22,Pending Validation
E1294,1167.08,2025-04-22,Pending Validation
E1295,178.91,2025-04-22,Pending Validation
E1296,1346.73,2025-04-22,Pending Validation
E1297,542.98,2025-04-22,Pending Validation
E1298,80.29,2025-04-22,Pending Validation
E1299,1416.38,2025-04-22,Pending Validation
E1300,476.57,2025-04-22,Pending Validation
E1301,125.22,2025-04-22,Pending Validation
E1302,1317.24,2025-04-22,Pending Validation
E1303,1240.55,2025-04-22,Pending Validation
E1304,1187.01,2025-04-22,Pending Validation
E1305,1480.68,2025-04-22,Pending Validation
E1306,258.45,2025-04-22,Pending Validation
E1307,643.9,2025-04-22,Pending Validation
E1308,1006.81,2025-04-22,Pending Validation
E1309,298.1,2025-04-22,Pending Validation
E1310,1071.23,2025-04-22,Pending Validation
E1311,506.59,2025-04-22,Pending Validation
E1312,278.21,2025-04-22,Pending Validation
E1313,1341.78,2025-04-22,Pending Validation
E1314,845.53,2025-04-22,Pending Validation
E1315,123.1,2025-04-22,Pending Validation
E1316,439.43,2025-04-22,Pending Validation
E1317,659.13,2025-04-22,Pending Validation
E1318,317.48,2025-04-22,Pending Validation
E1319,395.25,2025-04-22,Pending Validation
E1320,327.19,2025-04-22,Pending Validation
E1321,1037.18,2025-04-22,Pending Validation
E1322,354.09,2025-04-22,Pending Validation
E1323,520.84,2025-04-22,Pending Validation
E1324,796.76,2025-04-22,Pending Validation
E1325,400.57,2025-04-22,Pending Validation
E1326,259.95,2025-04-22,Pending Validation
E1327,560.01,2025-04-22,Pending Validation
E1328,944.79,2025-04-22,Pending Validation
E1329,1203.91,2025-04-22,Pending Validation
E1330,1143.42,2025-04-22,Pending Validation
E1331,1215.54,2025-04-22,Pending Validation
E1332,284.95,2025-04-22,Pending Validation
E1333,292.44,2025-04-22,Pending Validation
E1334,1510.9,2025-04-22,Pending Validation
E1335,434.44,2025-04-22,Pending Validation
E1336,686.91,2025-04-22,Pending Validation
E1337,1047.12,2025-04-22,Pending Validation
E1338,773.6,2025-04-22,Pending Validation
E1339,679.46,2025-04-22,Pending Validation
E1340,856.59,2025-04-22,Pending Validation
E1341,1381.23,2025-04-22,Pending Validation
E1342,570.52,2025-04-22,Pending Validation
E1343,1024.14,2025-04-22,Pending Validation
E1344,323.34,2025-04-22,Pending Validation
E1345,99.87,2025-04-22,Pending Validation
E1346,560.86,2025-04-22,Pending Validation
E1347,858.63,2025-04-22,Pending Validation
E1348,251.92,2025-04-22,Pending Validation
E1349,1185.53,2025-04-22,Pending Validation
E1350,556.3,2025-04-22,Pending Validation
E1351,296.2,2025-04-22,Pending Validation
E1352,1105.49,2025-04-22,Pending Validation
E1353,379.53,2025-04-22,Pending Validation
E1354,702.74,2025-04-22,Pending Validation
E1355,1104.86,2025-04-22,Pending Validation
E1356,1167.59,2025-04-22,Pending Validation
E1357,548.44,2025-04-22,Pending Validation
E1358,1099.42,2025-04-22,Pending Validation
E1359,845.71,2025-04-22,Pending Validation
E1360,1091.22,2025-04-22,Pending Validation
E1361,170.58,2025-04-22,Pending Validation
E1362,774.34,2025-04-22,Pending Validation
E1363,843.75,2025-04-22,Pending Validation
E1364,1000.9,2025-04-22,Pending Validation
E1365,685.1,2025-04-22,Pending Validation
E1366,216.91,2025-04-22,Pending Validation
E1367,451.43,2025-04-22,Pending Validation
E1368,374.29,2025-04-22,Pending Validation
E1369,464.03,2025-04-22,Pending Validation
E1370,535.55,2025-04-22,Pending Validation
E1371,1422.06,2025-04-22,Pending Validation
E1372,1396.18,2025-04-22,Pending Validation
E1373,1314.97,2025-04-22,Pending Validation
E1374,711.79,2025-04-22,Pending Validation
E1375,484.17,2025-04-22,Pending Validation
E1376,1003.47,2025-04-22,Pending Validation
E1377,738.7,2025-04-22,Pending Validation
E1378,1039.27,2025-04-22,Pending Validation
E1379,1023.38,2025-04-22,Pending Validation
E1380,626.18,2025-04-22,Pending Validation
E1381,1206.56,2025-04-22,Pending Validation
E1382,1530.27,2025-04-22,Pending Validation
E1383,541.51,2025-04-22,Pending Validation
E1384,477.87,2025-04-22,Pending Validation
E1385,1422.6,2025-04-22,Pending Validation
E1386,485.91,2025-04-22,Pending Validation
E1387,1264.79,2025-04-22,Pending Validation
E1388,152.15,2025-04-22,Pending Validation
E1389,1109.36,2025-04-22,Pending Validation
E1390,161.02,2025-04-22,Pending Validation
E1391,327.25,2025-04-22,Pending Validation
E1392,1092.54,2025-04-22,Pending Validation
E1393,315.81,2025-04-22,Pending Validation
E1394,498.9,2025-04-22,Pending Validation
E1395,254.68,2025-04-22,Pending Validation
E1396,995.5,2025-04-22,Pending Validation
E1397,849.2,2025-04-22,Pending Validation
E1398,207.87,2025-04-22,Pending Validation
E1399,1092.84,2025-04-22,Pending Validation
E1400,579.93,2025-04-22,Pending Validation
E1401,1190.61,2025-04-22,Pending Validation
E1402,463.67,2025-04-22,Pending Validation
E1403,1145.82,2025-04-22,Pending Validation
E1404,1378.98,2025-04-22,Pending Validation
E1405,155.6,2025-04-22,Pending Validation
E1406,898.24,2025-04-22,Pending Validation
E1407,155.2,2025-04-22,Pending Validation
E1408,1019.18,2025-04-22,Pending Validation
E1409,838.2,2025-04-22,Pending Validation
E1410,699.72,2025-04-22,Pending Validation
E1411,1502.22,2025-04-22,Pending Validation
E1412,904.9,2025-04-22,Pending Validation
E1413,810.18,2025-04-22,Pending Validation
E1414,1279.64,2025-04-22,Pending Validation
E1415,542.95,2025-04-22,Pending Validation
E1416,301.79,2025-04-22,Pending Validation
E1417,128.84,2025-04-22,Pending Validation
E1418,1182.62,2025-04-22,Pending Validation
E1419,1456.13,2025-04-22,Pending Validation
E1420,609.6,2025-04-22,Pending Validation
E1421,1139.39,2025-04-22,Pending Validation
E1422,438.71,2025-04-22,Pending Validation
E1423,816.8,2025-04-22,Pending Validation
E1424,703.06,2025-04-22,Pending Validation
E1425,936.98,2025-04-22,Pending Validation
E1426,1141.59,2025-04-22,Pending Validation
E1427,661.27,2025-04-22,Pending Validation
E1428,448.12,2025-04-22,Pending Validation
E1429,495.58,2025-04-22,Pending Validation
E1430,910.07,2025-04-22,Pending Validation
E1431,284.78,2025-04-22,Pending Validation
E1432,1349.6,2025-04-22,Pending Validation
E1433,285.19,2025-04-22,Pending Validation
E1434,1017.63,2025-04-22,Pending Validation
E1435,438.36,2025-04-22,Pending Validation
E1436,1532.35,2025-04-22,Pending Validation
E1437,374.63,2025-04-22,Pending Validation
E1438,1254.27,2025-04-22,Pending Validation
E1439,1171.87,2025-04-22,Pending Validation
E1440,710.05,2025-04-22,Pending Validation
E1441,752.07,2025-04-22,Pending Validation
E1442,950.19,2025-04-22,Pending Validation
E1443,1048.18,2025-04-22,Pending Validation
E1444,447.59,2025-04-22,Pending Validation
E1445,959.82,2025-04-22,Pending Validation
E1446,422.73,2025-04-22,Pending Validation
E1447,961.89,2025-04-22,Pending Validation
E1448,1395.67,2025-04-22,Pending Validation
E1449,840.7,2025-04-22,Pending Validation
E1450,984.37,2025-04-22,Pending Validation
E1451,237.76,2025-04-22,Pending Validation
E1452,251.07,2025-04-22,Pending Validation
E1453,1361.56,2025-04-22,Pending Validation
E1454,452.28,2025-04-22,Pending Validation
E1455,650.61,2025-04-22,Pending Validation
E1456,1273.38,2025-04-22,Pending Validation
E1457,198.35,2025-04-22,Pending Validation
E1458,1158.13,2025-04-22,Pending Validation
E1459,601.49,2025-04-22,Pending Validation
E1460,654.71,2025-04-22,Pending Validation
E1461,1248.22,2025-04-22,Pending Validation
E1462,1471.0,2025-04-22,Pending Validation
E1463,720.37,2025-04-22,Pending Validation
E1464,1446.94,2025-04-22,Pending Validation
E1465,1399.36,2025-04-22,Pending Validation
E1466,673.23,2025-04-22,Pending Validation
E1467,1041.04,2025-04-22,Pending Validation
E1468,447.51,2025-04-22,Pending Validation
E1469,1375.5,2025-04-22,Pending Validation
E1470,255.18,2025-04-22,Pending Validation
E1471,404.23,2025-04-22,Pending Validation
E1472,110.73,2025-04-22,Pending Validation
E1473,296.59,2025-04-22,Pending Validation
E1474,947.76,2025-04-22,Pending Validation
E1475,86.36,2025-04-22,Pending Validation
E1476,1326.48,2025-04-22,Pending Validation
E1477,1320.75,2025-04-22,Pending Validation
E1478,524.53,2025-04-22,Pending Validation
E1479,294.37,2025-04-22,Pending Validation
E1480,1433.64,2025-04-22,Pending Validation
E1481,733.09,2025-04-22,Pending Validation
E1482,167.82,2025-04-22,Pending Validation
E1483,256.37,2025-04-22,Pending Validation
E1484,728.86,2025-04-22,Pending Validation
E1485,1432.88,2025-04-22,Pending Validation
E1486,783.39,2025-04-22,Pending Validation
E1487,770.87,2025-04-22,Pending Validation
E1488,279.92,2025-04-22,Pending Validation
E1489,680.54,2025-04-22,Pending Validation
E1490,1262.06,2025-04-22,Pending Validation
E1491,813.03,2025-04-22,Pending Validation
E1492,1304.2,2025-04-22,Pending Validation
E1493,1199.45,2025-04-22,Pending Validation
E1494,1384.7,2025-04-22,Pending Validation
E1495,693.53,2025-04-22,Pending Validation
E1496,344.74,2025-04-22,Pending Validation
E1497,527.5,2025-04-22,Pending Validation
E1498,434.99,2025-04-22,Pending Validation
E1499,480.79,2025-04-22,Pending Validation
E1500,1054.52,2025-04-22,Pending Validation
E1501,278.51,2025-04-22,Pending Validation
E1502,329.65,2025-04-22,Pending Validation
E1503,1305.62,2025-04-22,Pending Validation
E1504,1525.85,2025-04-22,Pending Validation
E1505,683.54,2025-04-22,Pending Validation
E1506,966.37,2025-04-22,Pending Validation
E1507,731.29,2025-04-22,Pending Validation
E1508,667.52,2025-04-22,Pending Validation
E1509,1158.97,2025-04-22,Pending Validation
E1510,1047.75,2025-04-22,Pending Validation
E1511,1040.3,2025-04-22,Pending Validation
E1512,488.61,2025-04-22,Pending Validation
E1513,1033.82,2025-04-22,Pending Validation
E1514,859.28,2025-04-22,Pending Validation
E1515,1282.1,2025-04-22,Pending Validation
E1516,821.67,2025-04-22,Pending Validation
E1517,282.54,2025-04-22,Pending Validation
E1518,1019.47,2025-04-22,Pending Validation
E1519,1109.78,2025-04-22,Pending Validation
E1520,358.13,2025-04-22,Pending Validation
E1521,353.3,2025-04-22,Pending Validation
E1522,226.73,2025-04-22,Pending Validation
E1523,1036.89,2025-04-22,Pending Validation
E1524,329.76,2025-04-22,Pending Validation
E1525,1123.36,2025-04-22,Pending Validation
E1526,475.9,2025-04-22,Pending Validation
E1527,516.12,2025-04-22,Pending Validation
E1528,874.86,2025-04-22,Pending Validation
E1529,929.92,2025-04-22,Pending Validation
E1530,187.87,2025-04-22,Pending Validation
E1531,882.6,2025-04-22,Pending Validation
E1532,966.86,2025-04-22,Pending Validation
E1533,50.14,2025-04-22,Pending Validation
E1534,983.63,2025-04-22,Pending Validation
E1535,1260.06,2025-04-22,Pending Validation
E1536,1167.44,2025-04-22,Pending Validation
E1537,1345.53,2025-04-22,Pending Validation
E1538,313.9,2025-04-22,Pending Validation
E1539,944.54,2025-04-22,Pending Validation
E1540,942.28,2025-04-22,Pending Validation
E1541,945.7,2025-04-22,Pending Validation
E1542,333.25,2025-04-22,Pending Validation
E1543,34.18,2025-04-22,Pending Validation
E1544,1448.35,2025-04-22,Pending Validation
E1545,723.82,2025-04-22,Pending Validation
E1546,781.45,2025-04-22,Pending Validation
E1547,873.62,2025-04-22,Pending Validation
E1548,615.76,2025-04-22,Pending Validation
E1549,1387.1,2025-04-22,Pending Validation
E1550,686.22,2025-04-22,Pending Validation
E1551,438.54,2025-04-22,Pending Validation
E1552,861.15,2025-04-22,Pending Validation
E1553,553.8,2025-04-22,Pending Validation
E1554,1017.26,2025-04-22,Pending Validation
E1555,1521.53,2025-04-22,Pending Validation
E1556,574.11,2025-04-22,Pending Validation
E1557,1164.38,2025-04-22,Pending Validation
E1558,1044.82,2025-04-22,Pending Validation
E1559,807.71,2025-04-22,Pending Validation
E1560,1257.86,2025-04-22,Pending Validation
E1561,1097.84,2025-04-22,Pending Validation
E1562,1020.31,2025-04-22,Pending Validation
E1563,849.28,2025-04-22,Pending Validation
E1564,1028.97,2025-04-22,Pending Validation
E1565,1497.68,2025-04-22,Pending Validation
E1566,530.37,2025-04-22,Pending Validation
E1567,817.11,2025-04-22,Pending Validation
E1568,1113.73,2025-04-22,Pending Validation
E1569,793.06,2025-04-22,Pending Validation
E1570,761.21,2025-04-22,Pending Validation
E1571,729.35,2025-04-22,Pending Validation
E1572,1020.54,2025-04-22,Pending Validation
E1573,1131.52,2025-04-22,Pending Validation
E1574,317.95,2025-04-22,Pending Validation
E1575,690.22,2025-04-22,Pending Validation
E1576,296.17,2025-04-22,Pending Validation
E1577,1430.77,2025-04-22,Pending Validation
E1578,1365.79,2025-04-22,Pending Validation
E1579,1144.34,2025-04-22,Pending Validation
E1580,1302.07,2025-04-22,Pending Validation
E1581,528.41,2025-04-22,Pending Validation
E1582,1516.43,2025-04-22,Pending Validation
E1583,1358.74,2025-04-22,Pending Validation
E1584,100.76,2025-04-22,Pending Validation
E1585,1012.48,2025-04-22,Pending Validation
E1586,575.63,2025-04-22,Pending Validation
E1587,202.87,2025-04-22,Pending Validation
E1588,305.0,2025-04-22,Pending Validation
E1589,564.93,2025-04-22,Pending Validation
E1590,1078.37,2025-04-22,Pending Validation
E1591,712.54,2025-04-22,Pending Validation
E1592,186.05,2025-04-22,Pending Validation
E1593,157.18,2025-04-22,Pending Validation
E1594,510.5,2025-04-22,Pending Validation
E1595,1375.42,2025-04-22,Pending Validation
E1596,761.05,2025-04-22,Pending Validation
E1597,1404.02,2025-04-22,Pending Validation
E1598,644.47,2025-04-22,Pending Validation
E1599,162.46,2025-04-22,Pending Validation
E1600,227.3,2025-04-22,Pending Validation
E1601,1332.95,2025-04-22,Pending Validation
E1602,1163.23,2025-04-22,Pending Validation
E1603,916.88,2025-04-22,Pending Validation
E1604,359.07,2025-04-22,Pending Validation
E1605,178.43,2025-04-22,Pending Validation
E1606,322.25,2025-04-22,Pending Validation
E1607,361.69,2025-04-22,Pending Validation
E1608,474.82,2025-04-22,Pending Validation
E1609,153.04,2025-04-22,Pending Validation
E1610,860.53,2025-04-22,Pending Validation
E1611,724.36,2025-04-22,Pending Validation
E1612,565.46,2025-04-22,Pending Validation
E1613,1140.22,2025-04-22,Pending Validation
E1614,1523.89,2025-04-22,Pending Validation
E1615,585.54,2025-04-22,Pending Validation
E1616,577.0,2025-04-22,Pending Validation
E1617,505.27,2025-04-22,Pending Validation
E1618,741.59,2025-04-22,Pending Validation
E1619,322.88,2025-04-22,Pending Validation
E1620,961.53,2025-04-22,Pending Validation
E1621,609.71,2025-04-22,Pending Validation
E1622,781.52,2025-04-22,Pending Validation
E1623,1295.91,2025-04-22,Pending Validation
E1624,358.35,2025-04-22,Pending Validation
E1625,126.02,2025-04-22,Pending Validation
E1626,1283.06,2025-04-22,Pending Validation
E1627,189.18,2025-04-22,Pending Validation
E1628,643.2,2025-04-22,Pending Validation
E1629,1136.14,2025-04-22,Pending Validation
E1630,460.99,2025-04-22,Pending Validation
E1631,840.27,2025-04-22,Pending Validation
E1632,1434.93,2025-04-22,Pending Validation
E1633,1368.34,2025-04-22,Pending Validation
E1634,885.85,2025-04-22,Pending Validation
E1635,1389.3,2025-04-22,Pending Validation
E1636,664.53,2025-04-22,Pending Validation
E1637,1164.28,2025-04-22,Pending Validation
E1638,912.72,2025-04-22,Pending Validation
E1639,778.31,2025-04-22,Pending Validation
E1640,928.65,2025-04-22,Pending Validation
E1641,1390.67,2025-04-22,Pending Validation
E1642,799.5,2025-04-22,Pending Validation
E1643,288.38,2025-04-22,Pending Validation
E1644,697.75,2025-04-22,Pending Validation
E1645,158.74,2025-04-22,Pending Validation
E1646,1120.06,2025-04-22,Pending Validation
E1647,141.57,2025-04-22,Pending Validation
E1648,1032.82,2025-04-22,Pending Validation
E1649,629.11,2025-04-22,Pending Validation
E1650,867.15,2025-04-22,Pending Validation
E1651,287.35,2025-04-22,Pending Validation
E1652,1469.64,2025-04-22,Pending Validation
E1653,1452.6,2025-04-22,Pending Validation
E1654,1235.64,2025-04-22,Pending Validation
E1655,966.87,2025-04-22,Pending Validation
E1656,953.55,2025-04-22,Pending Validation
E1657,1273.5,2025-04-22,Pending Validation
E1658,1215.6,2025-04-22,Pending Validation
E1659,706.25,2025-04-22,Pending Validation
E1660,1293.0,2025-04-22,Pending Validation
E1661,353.54,2025-04-22,Pending Validation
E1662,54.1,2025-04-22,Pending Validation
E1663,205.07,2025-04-22,Pending Validation
E1664,537.98,2025-04-22,Pending Validation
E1665,1083.77,2025-04-22,Pending Validation
E1666,523.41,2025-04-22,Pending Validation
E1667,1252.47,2025-04-22,Pending Validation
E1668,339.68,2025-04-22,Pending Validation
E1669,429.98,2025-04-22,Pending Validation
E1670,225.5,2025-04-22,Pending Validation
E1671,611.82,2025-04-22,Pending Validation
E1672,936.31,2025-04-22,Pending Validation
E1673,763.26,2025-04-22,Pending Validation
E1674,1449.1,2025-04-22,Pending Validation
E1675,449.52,2025-04-22,Pending Validation
E1676,520.7,2025-04-22,Pending Validation
E1677,896.5,2025-04-22,Pending Validation
E1678,1029.98,2025-04-22,Pending Validation
E1679,1410.52,2025-04-22,Pending Validation
E1680,270.39,2025-04-22,Pending Validation
E1681,810.55,2025-04-22,Pending Validation
E1682,374.97,2025-04-22,Pending Validation
E1683,234.77,2025-04-22,Pending Validation
E1684,1363.2,2025-04-22,Pending Validation
E1685,475.21,2025-04-22,Pending Validation
E1686,1380.3,2025-04-22,Pending Validation
E1687,1043.84,2025-04-22,Pending Validation
E1688,1461.01,2025-04-22,Pending Validation
E1689,435.02,2025-04-22,Pending Validation
E1690,614.01,2025-04-22,Pending Validation
E1691,289.73,2025-04-22,Pending Validation
E1692,644.92,2025-04-22,Pending Validation
E1693,1346.6,2025-04-22,Pending Validation
E1694,732.27,2025-04-22,Pending Validation
E1695,196.72,2025-04-22,Pending Validation
E1696,841.42,2025-04-22,Pending Validation
E1697,490.58,2025-04-22,Pending Validation
E1698,952.25,2025-04-22,Pending Validation
E1699,1410.01,2025-04-22,Pending Validation
E1700,148.39,2025-04-22,Pending Validation
E1701,669.69,2025-04-22,Pending Validation
E1702,1302.85,2025-04-22,Pending Validation
E1703,1261.56,2025-04-22,Pending Validation
E1704,1251.08,2025-04-22,Pending Validation
E1705,1063.61,2025-04-22,Pending Validation
E1706,813.58,2025-04-22,Pending Validation
E1707,652.05,2025-04-22,Pending Validation
E1708,332.25,2025-04-22,Pending Validation
E1709,1050.64,2025-04-22,Pending Validation
E1710,477.0,2025-04-22,Pending Validation
E1711,892.05,2025-04-22,Pending Validation
E1712,1263.59,2025-04-22,Pending Validation
E1713,752.58,2025-04-22,Pending Validation
E1714,967.78,2025-04-22,Pending Validation
E1715,883.85,2025-04-22,Pending Validation
E1716,1174.06,2025-04-22,Pending Validation
E1717,417.45,2025-04-22,Pending Validation
E1718,408.58,2025-04-22,Pending Validation
E1719,1539.0,2025-04-22,Pending Validation
E1720,661.89,2025-04-22,Pending Validation
E1721,522.75,2025-04-22,Pending Validation
E1722,1005.2,2025-04-22,Pending Validation
E1723,692.4,2025-04-22,Pending Validation
E1724,1051.24,2025-04-22,Pending Validation
E1725,1265.05,2025-04-22,Pending Validation
E1726,505.11,2025-04-22,Pending Validation
E1727,181.0,2025-04-22,Pending Validation
E1728,260.98,2025-04-22,Pending Validation
E1729,1294.58,2025-04-22,Pending Validation
E1730,758.83,2025-04-22,Pending Validation
E1731,536.82,2025-04-22,Pending Validation
E1732,200.78,2025-04-22,Pending Validation
E1733,917.44,2025-04-22,Pending Validation
E1734,193.93,2025-04-22,Pending Validation
E1735,192.05,2025-04-22,Pending Validation
E1736,764.98,2025-04-22,Pending Validation
E1737,458.52,2025-04-22,Pending Validation
E1738,1172.2,2025-04-22,Pending Validation
E1739,1374.96,2025-04-22,Pending Validation
E1740,473.3,2025-04-22,Pending Validation
E1741,1357.82,2025-04-22,Pending Validation
E1742,358.5,2025-04-22,Pending Validation
E1743,371.79,2025-04-22,Pending Validation
E1744,512.42,2025-04-22,Pending Validation
E1745,1530.6,2025-04-22,Pending Validation
E1746,554.58,2025-04-22,Pending Validation
E1747,760.83,2025-04-22,Pending Validation
E1748,1018.82,2025-04-22,Pending Validation
E1749,1160.76,2025-04-22,Pending Validation
E1750,874.04,2025-04-22,Pending Validation
E1751,1017.21,2025-04-22,Pending Validation
E1752,960.41,2025-04-22,Pending Validation
E1753,1045.4,2025-04-22,Pending Validation
E1754,690.25,2025-04-22,Pending Validation
E1755,1384.74,2025-04-22,Pending Validation
E1756,102.49,2025-04-22,Pending Validation
E1757,931.26,2025-04-22,Pending Validation
E1758,1119.02,2025-04-22,Pending Validation
E1759,201.45,2025-04-22,Pending Validation
E1760,1432.15,2025-04-22,Pending Validation
E1761,1514.71,2025-04-22,Pending Validation
E1762,1147.15,2025-04-22,Pending Validation
E1763,239.9,2025-04-22,Pending Validation
E1764,855.69,2025-04-22,Pending Validation
E1765,1244.13,2025-04-22,Pending Validation
E1766,986.13,2025-04-22,Pending Validation
E1767,667.69,2025-04-22,Pending Validation
E1768,1339.4,2025-04-22,Pending Validation
E1769,811.14,2025-04-22,Pending Validation
E1770,859.31,2025-04-22,Pending Validation
E1771,539.51,2025-04-22,Pending Validation
E1772,901.52,2025-04-22,Pending Validation
E1773,1376.99,2025-04-22,Pending Validation
E1774,108.79,2025-04-22,Pending Validation
E1775,869.57,2025-04-22,Pending Validation
E1776,1390.54,2025-04-22,Pending Validation
E1777,156.14,2025-04-22,Pending Validation
E1778,401.96,2025-04-22,Pending Validation
E1779,552.99,2025-04-22,Pending Validation
E1780,212.43,2025-04-22,Pending Validation
E1781,898.85,2025-04-22,Pending Validation
E1782,408.94,2025-04-22,Pending Validation
E1783,1251.11,2025-04-22,Pending Validation
E1784,1214.16,2025-04-22,Pending Validation
E1785,950.94,2025-04-22,Pending Validation
E1786,746.48,2025-04-22,Pending Validation
E1787,439.07,2025-04-22,Pending Validation
E1788,1136.75,2025-04-22,Pending Validation
E1789,206.27,2025-04-22,Pending Validation
E1790,280.27,2025-04-22,Pending Validation
E1791,1071.34,2025-04-22,Pending Validation
E1792,212.57,2025-04-22,Pending Validation
E1793,1263.85,2025-04-22,Pending Validation
E1794,817.4,2025-04-22,Pending Validation
E1795,348.62,2025-04-22,Pending Validation
E1796,574.96,2025-04-22,Pending Validation
E1797,139.24,2025-04-22,Pending Validation
E1798,1302.9,2025-04-22,Pending Validation
E1799,772.56,2025-04-22,Pending Validation
E1800,493.14,2025-04-22,Pending Validation
E1801,275.61,2025-04-22,Pending Validation
E1802,1353.95,2025-04-22,Pending Validation
E1803,664.38,2025-04-22,Pending Validation
E1804,728.85,2025-04-22,Pending Validation
E1805,570.72,2025-04-22,Pending Validation
E1806,169.52,2025-04-22,Pending Validation
E1807,588.0,2025-04-22,Pending Validation
E1808,1317.49,2025-04-22,Pending Validation
E1809,726.78,2025-04-22,Pending Validation
E1810,1399.32,2025-04-22,Pending Validation
E1811,673.65,2025-04-22,Pending Validation
E1812,795.41,2025-04-22,Pending Validation
E1813,1060.79,2025-04-22,Pending Validation
E1814,411.59,2025-04-22,Pending Validation
E1815,394.49,2025-04-22,Pending Validation
E1816,1067.07,2025-04-22,Pending Validation
E1817,279.92,2025-04-22,Pending Validation
E1818,397.78,2025-04-22,Pending Validation
E1819,422.82,2025-04-22,Pending Validation
E1820,898.52,2025-04-22,Pending Validation
E1821,1362.34,2025-04-22,Pending Validation
E1822,214.34,2025-04-22,Pending Validation
E1823,1023.8,2025-04-22,Pending Validation
E1824,190.68,2025-04-22,Pending Validation
E1825,205.85,2025-04-22,Pending Validation
E1826,1528.24,2025-04-22,Pending Validation
E1827,1320.68,2025-04-22,Pending Validation
E1828,244.24,2025-04-22,Pending Validation
E1829,489.11,2025-04-22,Pending Validation
E1830,717.55,2025-04-22,Pending Validation
E1831,1405.18,2025-04-22,Pending Validation
E1832,356.3,2025-04-22,Pending Validation
E1833,1496.97,2025-04-22,Pending Validation
E1834,229.2,2025-04-22,Pending Validation
E1835,889.68,2025-04-22,Pending Validation
E1836,360.24,2025-04-22,Pending Validation
E1837,1371.34,2025-04-22,Pending Validation
E1838,901.99,2025-04-22,Pending Validation
E1839,1083.88,2025-04-22,Pending Validation
E1840,1285.81,2025-04-22,Pending Validation
E1841,1271.1,2025-04-22,Pending Validation
E1842,861.66,2025-04-22,Pending Validation
E1843,1035.65,2025-04-22,Pending Validation
E1844,301.92,2025-04-22,Pending Validation
E1845,1385.58,2025-04-22,Pending Validation
E1846,1108.89,2025-04-22,Pending Validation
E1847,1303.76,2025-04-22,Pending Validation
E1848,502.9,2025-04-22,Pending Validation
E1849,1335.42,2025-04-22,Pending Validation
E1850,1108.28,2025-04-22,Pending Validation
E1851,145.23,2025-04-22,Pending Validation
E1852,213.32,2025-04-22,Pending Validation
E1853,1152.76,2025-04-22,Pending Validation
E1854,213.17,2025-04-22,Pending Validation
E1855,924.75,2025-04-22,Pending Validation
E1856,155.47,2025-04-22,Pending Validation
E1857,364.29,2025-04-22,Pending Validation
E1858,198.72,2025-04-22,Pending Validation
E1859,997.58,2025-04-22,Pending Validation
E1860,907.48,2025-04-22,Pending Validation
E1861,322.11,2025-04-22,Pending Validation
E1862,886.57,2025-04-22,Pending Validation
E1863,1207.48,2025-04-22,Pending Validation
E1864,1023.19,2025-04-22,Pending Validation
E1865,670.78,2025-04-22,Pending Validation
E1866,1462.08,2025-04-22,Pending Validation
E1867,610.64,2025-04-22,Pending Validation
E1868,1056.69,2025-04-22,Pending Validation
E1869,762.51,2025-04-22,Pending Validation
E1870,1362.57,2025-04-22,Pending Validation
E1871,1443.76,2025-04-22,Pending Validation
E1872,200.48,2025-04-22,Pending Validation
E1873,300.93,2025-04-22,Pending Validation
E1874,1087.84,2025-04-22,Pending Validation
E1875,739.44,2025-04-22,Pending Validation
E1876,339.8,2025-04-22,Pending Validation
E1877,920.93,2025-04-22,Pending Validation
E1878,218.84,2025-04-22,Pending Validation
E1879,1246.06,2025-04-22,Pending Validation
E1880,1156.66,2025-04-22,Pending Validation
E1881,1480.05,2025-04-22,Pending Validation
E1882,910.1,2025-04-22,Pending Validation
E1883,937.6,2025-04-22,Pending Validation
E1884,1340.84,2025-04-22,Pending Validation
E1885,1140.85,2025-04-22,Pending Validation
E1886,509.1,2025-04-22,Pending Validation
E1887,774.44,2025-04-22,Pending Validation
E1888,232.95,2025-04-22,Pending Validation
E1889,102.87,2025-04-22,Pending Validation
E1890,1116.68,2025-04-22,Pending Validation
E1891,584.73,2025-04-22,Pending Validation
E1892,221.44,2025-04-22,Pending Validation
E1893,1094.35,2025-04-22,Pending Validation
E1894,1353.66,2025-04-22,Pending Validation
E1895,281.31,2025-04-22,Pending Validation
E1896,720.35,2025-04-22,Pending Validation
E1897,983.54,2025-04-22,Pending Validation
E1898,1499.34,2025-04-22,Pending Validation
E1899,1447.36,2025-04-22,Pending Validation
E1900,1278.6,2025-04-22,Pending Validation
E1901,553.45,2025-04-22,Pending Validation
E1902,351.54,2025-04-22,Pending Validation
E1903,951.04,2025-04-22,Pending Validation
E1904,375.07,2025-04-22,Pending Validation
E1905,514.01,2025-04-22,Pending Validation
E1906,1241.54,2025-04-22,Pending Validation
E1907,431.94,2025-04-22,Pending Validation
E1908,484.07,2025-04-22,Pending Validation
E1909,1030.19,2025-04-22,Pending Validation
E1910,729.11,2025-04-22,Pending Validation
E1911,838.03,2025-04-22,Pending Validation
E1912,231.94,2025-04-22,Pending Validation
E1913,276.26,2025-04-22,Pending Validation
E1914,1027.59,2025-04-22,Pending Validation
E1915,662.12,2025-04-22,Pending Validation
E1916,1103.34,2025-04-22,Pending Validation
E1917,316.76,2025-04-22,Pending Validation
E1918,836.29,2025-04-22,Pending Validation
E1919,972.59,2025-04-22,Pending Validation
E1920,130.92,2025-04-22,Pending Validation
E1921,1315.03,2025-04-22,Pending Validation
E1922,1379.85,2025-04-22,Pending Validation
E1923,496.07,2025-04-22,Pending Validation
E1924,460.9,2025-04-22,Pending Validation
E1925,1009.59,2025-04-22,Pending Validation
E1926,34.65,2025-04-22,Pending Validation
E1927,1353.07,2025-04-22,Pending Validation
E1928,351.48,2025-04-22,Pending Validation
E1929,1261.28,2025-04-22,Pending Validation
E1930,1210.31,2025-04-22,Pending Validation
E1931,955.87,2025-04-22,Pending Validation
E1932,224.09,2025-04-22,Pending Validation
E1933,191.6,2025-04-22,Pending Validation
E1934,1071.79,2025-04-22,Pending Validation
E1935,731.18,2025-04-22,Pending Validation
E1936,740.01,2025-04-22,Pending Validation
E1937,1364.46,2025-04-22,Pending Validation
E1938,1277.21,2025-04-22,Pending Validation
E1939,740.03,2025-04-22,Pending Validation
E1940,184.42,2025-04-22,Pending Validation
E1941,604.35,2025-04-22,Pending Validation
E1942,1240.74,2025-04-22,Pending Validation
E1943,464.04,2025-04-22,Pending Validation
E1944,385.0,2025-04-22,Pending Validation
E1945,1263.82,2025-04-22,Pending Validation
E1946,636.45,2025-04-22,Pending Validation
E1947,1375.33,2025-04-22,Pending Validation
E1948,530.81,2025-04-22,Pending Validation
E1949,1254.28,2025-04-22,Pending Validation
E1950,1160.11,2025-04-22,Pending Validation
E1951,1212.5,2025-04-22,Pending Validation
E1952,907.0,2025-04-22,Pending Validation
E1953,905.15,2025-04-22,Pending Validation
E1954,232.57,2025-04-22,Pending Validation
E1955,259.36,2025-04-22,Pending Validation
E1956,1436.3,2025-04-22,Pending Validation
E1957,736.24,2025-04-22,Pending Validation
E1958,187.28,2025-04-22,Pending Validation
E1959,1104.41,2025-04-22,Pending Validation
E1960,691.44,2025-04-22,Pending Validation
E1961,130.47,2025-04-22,Pending Validation
E1962,676.91,2025-04-22,Pending Validation
E1963,862.84,2025-04-22,Pending Validation
E1964,752.9,2025-04-22,Pending Validation
E1965,985.59,2025-04-22,Pending Validation
E1966,884.57,2025-04-22,Pending Validation
E1967,1327.63,2025-04-22,Pending Validation
E1968,1318.34,2025-04-22,Pending Validation
E1969,969.95,2025-04-22,Pending Validation
E1970,291.71,2025-04-22,Pending Validation
E1971,1295.11,2025-04-22,Pending Validation
E1972,1069.13,2025-04-22,Pending Validation
E1973,564.47,2025-04-22,Pending Validation
E1974,1400.55,2025-04-22,Pending Validation
E1975,119.95,2025-04-22,Pending Validation
E1976,1349.53,2025-04-22,Pending Validation
E1977,1361.1,2025-04-22,Pending Validation
E1978,226.35,2025-04-22,Pending Validation
E1979,1394.14,2025-04-22,Pending Validation
E1980,751.21,2025-04-22,Pending Validation
E1981,422.29,2025-04-22,Pending Validation
E1982,580.81,2025-04-22,Pending Validation
E1983,1447.61,2025-04-22,Pending Validation
E1984,356.76,2025-04-22,Pending Validation
E1985,609.15,2025-04-22,Pending Validation
E1986,982.12,2025-04-22,Pending Validation
E1987,292.7,2025-04-22,Pending Validation
E1988,1226.1,2025-04-22,Pending Validation
E1989,313.2,2025-04-22,Pending Validation
E1990,1320.99,2025-04-22,Pending Validation
E1991,756.21,2025-04-22,Pending Validation
E1992,851.33,2025-04-22,Pending Validation
E1993,774.97,2025-04-22,Pending Validation
E1994,340.47,2025-04-22,Pending Validation
E1995,936.6,2025-04-22,Pending Validation
E1996,1164.87,2025-04-22,Pending Validation
E1997,1108.4,2025-04-22,Pending Validation
E1998,97.35,2025-04-22,Pending Validation
E1999,1289.3,2025-04-22,Pending Validation
E2000,1371.99,2025-04-22,Pending Validation
E2001,1331.54,2025-04-22,Pending Validation
E2002,180.38,2025-04-22,Pending Validation
E2003,1477.09,2025-04-22,Pending Validation
E2004,809.55,2025-04-22,Pending Validation
E2005,1327.21,2025-04-22,Pending Validation
E2006,1134.94,2025-04-22,Pending Validation
E2007,661.6,2025-04-22,Pending Validation
E2008,1097.12,2025-04-22,Pending Validation
E2009,605.04,2025-04-22,Pending Validation
E2010,915.05,2025-04-22,Pending Validation
E2011,668.38,2025-04-22,Pending Validation
E2012,148.37,2025-04-22,Pending Validation
E2013,388.27,2025-04-22,Pending Validation
E2014,1261.46,2025-04-22,Pending Validation
E2015,319.35,2025-04-22,Pending Validation
E2016,116.31,2025-04-22,Pending Validation
E2017,1425.11,2025-04-22,Pending Validation
E2018,468.75,2025-04-22,Pending Validation
E2019,992.33,2025-04-22,Pending Validation
E2020,937.57,2025-04-22,Pending Validation
E2021,365.43,2025-04-22,Pending Validation
E2022,785.46,2025-04-22,Pending Validation
E2023,296.08,2025-04-22,Pending Validation
E2024,563.65,2025-04-22,Pending Validation
E2025,1236.29,2025-04-22,Pending Validation
E2026,804.05,2025-04-22,Pending Validation
E2027,897.67,2025-04-22,Pending Validation
E2028,963.39,2025-04-22,Pending Validation
E2029,918.24,2025-04-22,Pending Validation
E2030,469.64,2025-04-22,Pending Validation
E2031,815.66,2025-04-22,Pending Validation
E2032,657.71,2025-04-22,Pending Validation
E2033,638.41,2025-04-22,Pending Validation
E2034,172.39,2025-04-22,Pending Validation
E2035,1143.33,2025-04-22,Pending Validation
E2036,1007.0,2025-04-22,Pending Validation
E2037,263.81,2025-04-22,Pending Validation
E2038,592.56,2025-04-22,Pending Validation
E2039,1120.71,2025-04-22,Pending Validation
E2040,1306.39,2025-04-22,Pending Validation
E2041,194.03,2025-04-22,Pending Validation
E2042,950.86,2025-04-22,Pending Validation
E2043,1114.39,2025-04-22,Pending Validation
E2044,851.91,2025-04-22,Pending Validation
E2045,770.31,2025-04-22,Pending Validation
E2046,1396.44,2025-04-22,Pending Validation
E2047,556.76,2025-04-22,Pending Validation
E2048,267.94,2025-04-22,Pending Validation
E2049,1203.74,2025-04-22,Pending Validation
E2050,425.19,2025-04-22,Pending Validation
E2051,369.75,2025-04-22,Pending Validation
E2052,1269.51,2025-04-22,Pending Validation
E2053,122.03,2025-04-22,Pending Validation
E2054,915.19,2025-04-22,Pending Validation
E2055,1490.75,2025-04-22,Pending Validation
E2056,419.94,2025-04-22,Pending Validation
E2057,1014.82,2025-04-22,Pending Validation
E2058,1024.51,2025-04-22,Pending Validation
E2059,1397.02,2025-04-22,Pending Validation
E2060,697.31,2025-04-22,Pending Validation
E2061,704.95,2025-04-22,Pending Validation
E2062,461.38,2025-04-22,Pending Validation
E2063,1177.6,2025-04-22,Pending Validation
E2064,636.48,2025-04-22,Pending Validation
E2065,1206.21,2025-04-22,Pending Validation
E2066,1263.55,2025-04-22,Pending Validation
E2067,309.94,2025-04-22,Pending Validation
E2068,558.17,2025-04-22,Pending Validation
E2069,1062.25,2025-04-22,Pending Validation
E2070,675.31,2025-04-22,Pending Validation
E2071,229.82,2025-04-22,Pending Validation
E2072,1388.69,2025-04-22,Pending Validation
E2073,990.46,2025-04-22,Pending Validation
E2074,1038.64,2025-04-22,Pending Validation
E2075,1283.29,2025-04-22,Pending Validation
E2076,805.18,2025-04-22,Pending Validation
E2077,1501.12,2025-04-22,Pending Validation
E2078,1262.71,2025-04-22,Pending Validation
E2079,571.65,2025-04-22,Pending Validation
E2080,1164.08,2025-04-22,Pending Validation
E2081,1442.55,2025-04-22,Pending Validation
E2082,1506.6,2025-04-22,Pending Validation
E2083,259.79,2025-04-22,Pending Validation
E2084,337.77,2025-04-22,Pending Validation
E2085,1194.42,2025-04-22,Pending Validation
E2086,682.93,2025-04-22,Pending Validation
E2087,1268.2,2025-04-22,Pending Validation
E2088,754.68,2025-04-22,Pending Validation
E2089,499.22,2025-04-22,Pending Validation
E2090,117.27,2025-04-22,Pending Validation
E2091,1089.17,2025-04-22,Pending Validation
E2092,651.1,2025-04-22,Pending Validation
E2093,374.0,2025-04-22,Pending Validation
E2094,1572.83,2025-04-22,Pending Validation
E2095,498.17,2025-04-22,Pending Validation
E2096,370.68,2025-04-22,Pending Validation
E2097,236.07,2025-04-22,Pending Validation
E2098,248.93,2025-04-22,Pending Validation
E2099,999.34,2025-04-22,Pending Validation
E2100,343.07,2025-04-22,Pending Validation
E2101,912.42,2025-04-22,Pending Validation
E2102,637.8,2025-04-22,Pending Validation
E2103,674.99,2025-04-22,Pending Validation
E2104,1263.26,2025-04-22,Pending Validation
E2105,234.79,2025-04-22,Pending Validation
E2106,439.39,2025-04-22,Pending Validation
E2107,1148.79,2025-04-22,Pending Validation
E2108,875.73,2025-04-22,Pending Validation
E2109,1340.7,2025-04-22,Pending Validation
E2110,1381.46,2025-04-22,Pending Validation
E2111,1149.61,2025-04-22,Pending Validation
E2112,185.75,2025-04-22,Pending Validation
E2113,1285.49,2025-04-22,Pending Validation
E2114,182.8,2025-04-22,Pending Validation
E2115,1508.46,2025-04-22,Pending Validation
E2116,702.86,2025-04-22,Pending Validation
E2117,153.07,2025-04-22,Pending Validation
E2118,397.97,2025-04-22,Pending Validation
E2119,1305.1,2025-04-22,Pending Validation
E2120,1553.53,2025-04-22,Pending Validation
E2121,620.59,2025-04-22,Pending Validation
E2122,1391.87,2025-04-22,Pending Validation
E2123,457.12,2025-04-22,Pending Validation
E2124,1026.61,2025-04-22,Pending Validation
E2125,877.14,2025-04-22,Pending Validation
E2126,1006.28,2025-04-22,Pending Validation
E2127,554.44,2025-04-22,Pending Validation
E2128,815.22,2025-04-22,Pending Validation
E2129,902.1,2025-04-22,Pending Validation
E2130,1409.1,2025-04-22,Pending Validation
E2131,851.06,2025-04-22,Pending Validation
E2132,262.9,2025-04-22,Pending Validation
E2133,668.54,2025-04-22,Pending Validation
E2134,1253.68,2025-04-22,Pending Validation
E2135,459.18,2025-04-22,Pending Validation
E2136,689.52,2025-04-22,Pending Validation
E2137,807.72,2025-04-22,Pending Validation
E2138,1142.25,2025-04-22,Pending Validation
E2139,565.99,2025-04-22,Pending Validation
E2140,1094.89,2025-04-22,Pending Validation
E2141,521.08,2025-04-22,Pending Validation
E2142,1181.54,2025-04-22,Pending Validation
E2143,441.64,2025-04-22,Pending Validation
E2144,446.92,2025-04-22,Pending Validation
E2145,902.75,2025-04-22,Pending Validation
E2146,606.91,2025-04-22,Pending Validation
E2147,483.78,2025-04-22,Pending Validation
E2148,1099.61,2025-04-22,Pending Validation
E2149,287.93,2025-04-22,Pending Validation
E2150,372.32,2025-04-22,Pending Validation
E2151,757.35,2025-04-22,Pending Validation
E2152,1046.59,2025-04-22,Pending Validation
E2153,1411.24,2025-04-22,Pending Validation
E2154,1497.3,2025-04-22,Pending Validation
E2155,276.58,2025-04-22,Pending Validation
E2156,470.91,2025-04-22,Pending Validation
E2157,588.34,2025-04-22,Pending Validation
E2158,255.23,2025-04-22,Pending Validation
E2159,1132.74,2025-04-22,Pending Validation
E2160,861.06,2025-04-22,Pending Validation
E2161,793.64,2025-04-22,Pending Validation
E2162,609.44,2025-04-22,Pending Validation
E2163,779.95,2025-04-22,Pending Validation
E2164,221.93,2025-04-22,Pending Validation
E2165,361.14,2025-04-22,Pending Validation
E2166,518.06,2025-04-22,Pending Validation
E2167,701.58,2025-04-22,Pending Validation
E2168,1420.73,2025-04-22,Pending Validation
E2169,1403.1,2025-04-22,Pending Validation
E2170,1275.82,2025-04-22,Pending Validation
E2171,859.47,2025-04-22,Pending Validation
E2172,1223.49,2025-04-22,Pending Validation
E2173,640.11,2025-04-22,Pending Validation
E2174,1356.25,2025-04-22,Pending Validation
E2175,257.37,2025-04-22,Pending Validation
E2176,275.82,2025-04-22,Pending Validation
E2177,887.69,2025-04-22,Pending Validation
E2178,499.12,2025-04-22,Pending Validation
E2179,991.78,2025-04-22,Pending Validation
E2180,901.38,2025-04-22,Pending Validation
E2181,210.19,2025-04-22,Pending Validation
E2182,395.53,2025-04-22,Pending Validation
E2183,941.52,2025-04-22,Pending Validation
E2184,268.4,2025-04-22,Pending Validation
E2185,1459.17,2025-04-22,Pending Validation
E2186,486.44,2025-04-22,Pending Validation
E2187,820.79,2025-04-22,Pending Validation
E2188,551.37,2025-04-22,Pending Validation
E2189,555.53,2025-04-22,Pending Validation
E2190,198.79,2025-04-22,Pending Validation
E2191,1482.23,2025-04-22,Pending Validation
E2192,44.21,2025-04-22,Pending Validation
E2193,345.66,2025-04-22,Pending Validation
E2194,1363.52,2025-04-22,Pending Validation
E2195,1383.29,2025-04-22,Pending Validation
E2196,210.09,2025-04-22,Pending Validation
E2197,1329.02,2025-04-22,Pending Validation
E2198,1089.78,2025-04-22,Pending Validation
E2199,611.97,2025-04-22,Pending Validation
E2200,1108.91,2025-04-22,Pending Validation
E2201,834.36,2025-04-22,Pending Validation
E2202,687.38,2025-04-22,Pending Validation
E2203,920.1,2025-04-22,Pending Validation
E2204,1427.0,2025-04-22,Pending Validation
E2205,1236.18,2025-04-22,Pending Validation
E2206,801.25,2025-04-22,Pending Validation
E2207,902.17,2025-04-22,Pending Validation
E2208,1357.84,2025-04-22,Pending Validation
E2209,230.28,2025-04-22,Pending Validation
E2210,1379.01,2025-04-22,Pending Validation
E2211,1009.28,2025-04-22,Pending Validation
E2212,840.6,2025-04-22,Pending Validation
E2213,657.3,2025-04-22,Pending Validation
E2214,452.15,2025-04-22,Pending Validation
E2215,508.01,2025-04-22,Pending Validation
E2216,609.15,2025-04-22,Pending Validation
E2217,401.66,2025-04-22,Pending Validation
E2218,411.09,2025-04-22,Pending Validation
E2219,860.16,2025-04-22,Pending Validation
E2220,480.02,2025-04-22,Pending Validation
E2221,1390.81,2025-04-22,Pending Validation
E2222,205.16,2025-04-22,Pending Validation
E2223,1123.5,2025-04-22,Pending Validation
E2224,160.65,2025-04-22,Pending Validation
E2225,621.12,2025-04-22,Pending Validation
E2226,143.19,2025-04-22,Pending Validation
E2227,440.34,2025-04-22,Pending Validation
E2228,996.85,2025-04-22,Pending Validation
E2229,1445.71,2025-04-22,Pending Validation
E2230,427.18,2025-04-22,Pending Validation
E2231,1249.25,2025-04-22,Pending Validation
E2232,314.3,2025-04-22,Pending Validation
E2233,844.79,2025-04-22,Pending Validation
E2234,596.96,2025-04-22,Pending Validation
E2235,1387.73,2025-04-22,Pending Validation
E2236,1235.99,2025-04-22,Pending Validation
E2237,1038.33,2025-04-22,Pending Validation
E2238,949.32,2025-04-22,Pending Validation
E2239,1020.53,2025-04-22,Pending Validation
E2240,903.95,2025-04-22,Pending Validation
E2241,224.35,2025-04-22,Pending Validation
E2242,144.47,2025-04-22,Pending Validation
E2243,299.25,2025-04-22,Pending Validation
E2244,914.02,2025-04-22,Pending Validation
E2245,1328.52,2025-04-22,Pending Validation
E2246,307.19,2025-04-22,Pending Validation
E2247,554.82,2025-04-22,Pending Validation
E2248,1290.96,2025-04-22,Pending Validation
E2249,334.21,2025-04-22,Pending Validation
E2250,1209.18,2025-04-22,Pending Validation
E2251,879.02,2025-04-22,Pending Validation
E2252,779.78,2025-04-22,Pending Validation
E2253,178.64,2025-04-22,Pending Validation
E2254,642.75,2025-04-22,Pending Validation
E2255,647.56,2025-04-22,Pending Validation
E2256,780.89,2025-04-22,Pending Validation
E2257,1408.68,2025-04-22,Pending Validation
E2258,1184.99,2025-04-22,Pending Validation
E2259,800.88,2025-04-22,Pending Validation
E2260,616.2,2025-04-22,Pending Validation
E2261,711.48,2025-04-22,Pending Validation
E2262,1126.88,2025-04-22,Pending Validation
E2263,269.13,2025-04-22,Pending Validation
E2264,1217.6,2025-04-22,Pending Validation
E2265,744.66,2025-04-22,Pending Validation
E2266,531.03,2025-04-22,Pending Validation
E2267,1384.09,2025-04-22,Pending Validation
E2268,1112.75,2025-04-22,Pending Validation
E2269,804.09,2025-04-22,Pending Validation
E2270,467.59,2025-04-22,Pending Validation
E2271,1382.64,2025-04-22,Pending Validation
E2272,1344.99,2025-04-22,Pending Validation
E2273,785.21,2025-04-22,Pending Validation
E2274,1077.11,2025-04-22,Pending Validation
E2275,769.94,2025-04-22,Pending Validation
E2276,1340.97,2025-04-22,Pending Validation
E2277,1132.32,2025-04-22,Pending Validation
E2278,1361.34,2025-04-22,Pending Validation
E2279,149.61,2025-04-22,Pending Validation
E2280,1136.62,2025-04-22,Pending Validation
E2281,187.76,2025-04-22,Pending Validation
E2282,311.84,2025-04-22,Pending Validation
E2283,487.62,2025-04-22,Pending Validation
E2284,576.35,2025-04-22,Pending Validation
E2285,1253.69,2025-04-22,Pending Validation
E2286,1214.66,2025-04-22,Pending Validation
E2287,1214.24,2025-04-22,Pending Validation
E2288,925.37,2025-04-22,Pending Validation
E2289,1134.78,2025-04-22,Pending Validation
E2290,629.11,2025-04-22,Pending Validation
E2291,578.8,2025-04-22,Pending Validation
E2292,758.89,2025-04-22,Pending Validation
E2293,1540.34,2025-04-22,Pending Validation
E2294,1173.74,2025-04-22,Pending Validation
E2295,252.2,2025-04-22,Pending Validation
E2296,654.84,2025-04-22,Pending Validation
E2297,741.91,2025-04-22,Pending Validation
E2298,1029.2,2025-04-22,Pending Validation
E2299,723.16,2025-04-22,Pending Validation
E2300,783.58,2025-04-22,Pending Validation
E2301,669.31,2025-04-22,Pending Validation
E2302,1501.61,2025-04-22,Pending Validation
E2303,1047.02,2025-04-22,Pending Validation
E2304,1105.54,2025-04-22,Pending Validation
E2305,652.01,2025-04-22,Pending Validation
E2306,483.96,2025-04-22,Pending Validation
E2307,580.88,2025-04-22,Pending Validation
E2308,304.85,2025-04-22,Pending Validation
E2309,152.18,2025-04-22,Pending Validation
E2310,295.88,2025-04-22,Pending Validation
E2311,496.36,2025-04-22,Pending Validation
E2312,152.02,2025-04-22,Pending Validation
E2313,511.5,2025-04-22,Pending Validation
E2314,311.13,2025-04-22,Pending Validation
E2315,537.43,2025-04-22,Pending Validation
E2316,564.58,2025-04-22,Pending Validation
E2317,297.85,2025-04-22,Pending Validation
E2318,1272.6,2025-04-22,Pending Validation
E2319,994.53,2025-04-22,Pending Validation
E2320,1410.59,2025-04-22,Pending Validation
E2321,1200.01,2025-04-22,Pending Validation
E2322,189.18,2025-04-22,Pending Validation
E2323,539.56,2025-04-22,Pending Validation
E2324,1373.69,2025-04-22,Pending Validation
E2325,1039.47,2025-04-22,Pending Validation
E2326,279.89,2025-04-22,Pending Validation
E2327,1122.17,2025-04-22,Pending Validation
E2328,192.46,2025-04-22,Pending Validation
E2329,386.5,2025-04-22,Pending Validation
E2330,554.52,2025-04-22,Pending Validation
E2331,1120.95,2025-04-22,Pending Validation
E2332,984.01,2025-04-22,Pending Validation
E2333,501.63,2025-04-22,Pending Validation
E2334,685.93,2025-04-22,Pending Validation
E2335,158.5,2025-04-22,Pending Validation
E2336,461.68,2025-04-22,Pending Validation
E2337,508.21,2025-04-22,Pending Validation
E2338,235.23,2025-04-22,Pending Validation
E2339,1107.31,2025-04-22,Pending Validation
E2340,1208.27,2025-04-22,Pending Validation
E2341,497.38,2025-04-22,Pending Validation
E2342,727.38,2025-04-22,Pending Validation
E2343,501.37,2025-04-22,Pending Validation
E2344,1250.84,2025-04-22,Pending Validation
E2345,344.73,2025-04-22,Pending Validation
E2346,636.19,2025-04-22,Pending Validation
E2347,275.35,2025-04-22,Pending Validation
E2348,1471.81,2025-04-22,Pending Validation
E2349,901.85,2025-04-22,Pending Validation
E2350,479.39,2025-04-22,Pending Validation
E2351,228.37,2025-04-22,Pending Validation
E2352,899.11,2025-04-22,Pending Validation
E2353,994.33,2025-04-22,Pending Validation
E2354,228.93,2025-04-22,Pending Validation
E2355,666.84,2025-04-22,Pending Validation
E2356,223.25,2025-04-22,Pending Validation
E2357,1121.45,2025-04-22,Pending Validation
E2358,60.42,2025-04-22,Pending Validation
E2359,760.6,2025-04-22,Pending Validation
E2360,258.19,2025-04-22,Pending Validation
E2361,1371.23,2025-04-22,Pending Validation
E2362,200.83,2025-04-22,Pending Validation
E2363,710.45,2025-04-22,Pending Validation
E2364,569.98,2025-04-22,Pending Validation
E2365,800.16,2025-04-22,Pending Validation
E2366,1228.72,2025-04-22,Pending Validation
E2367,674.87,2025-04-22,Pending Validation
E2368,854.45,2025-04-22,Pending Validation
E2369,1411.32,2025-04-22,Pending Validation
E2370,717.01,2025-04-22,Pending Validation
E2371,717.56,2025-04-22,Pending Validation
E2372,1432.14,2025-04-22,Pending Validation
E2373,436.69,2025-04-22,Pending Validation
E2374,159.23,2025-04-22,Pending Validation
E2375,1054.17,2025-04-22,Pending Validation
E2376,1280.29,2025-04-22,Pending Validation
E2377,1131.18,2025-04-22,Pending Validation
E2378,1375.43,2025-04-22,Pending Validation
E2379,890.29,2025-04-22,Pending Validation
E2380,303.17,2025-04-22,Pending Validation
E2381,1353.95,2025-04-22,Pending Validation
E2382,733.31,2025-04-22,Pending Validation
E2383,230.45,2025-04-22,Pending Validation
E2384,1398.17,2025-04-22,Pending Validation
E2385,1305.07,2025-04-22,Pending Validation
E2386,1312.19,2025-04-22,Pending Validation
E2387,977.43,2025-04-22,Pending Validation
E2388,1254.26,2025-04-22,Pending Validation
E2389,301.24,2025-04-22,Pending Validation
E2390,1341.1,2025-04-22,Pending Validation
E2391,1227.52,2025-04-22,Pending Validation
E2392,1370.28,2025-04-22,Pending Validation
E2393,1375.45,2025-04-22,Pending Validation
E2394,1012.78,2025-04-22,Pending Validation
E2395,1220.96,2025-04-22,Pending Validation
E2396,438.87,2025-04-22,Pending Validation
E2397,1022.38,2025-04-22,Pending Validation
E2398,295.18,2025-04-22,Pending Validation
E2399,655.71,2025-04-22,Pending Validation
E2400,333.93,2025-04-22,Pending Validation
E2401,840.71,2025-04-22,Pending Validation
E2402,1146.33,2025-04-22,Pending Validation
E2403,130.51,2025-04-22,Pending Validation
E2404,1423.22,2025-04-22,Pending Validation
E2405,236.22,2025-04-22,Pending Validation
E2406,619.93,2025-04-22,Pending Validation
E2407,1260.73,2025-04-22,Pending Validation
E2408,718.03,2025-04-22,Pending Validation
E2409,350.35,2025-04-22,Pending Validation
E2410,676.14,2025-04-22,Pending Validation
E2411,1290.39,2025-04-22,Pending Validation
E2412,198.86,2025-04-22,Pending Validation
E2413,221.65,2025-04-22,Pending Validation
E2414,691.11,2025-04-22,Pending Validation
E2415,532.87,2025-04-22,Pending Validation
E2416,1170.27,2025-04-22,Pending Validation
E2417,571.04,2025-04-22,Pending Validation
E2418,234.91,2025-04-22,Pending Validation
E2419,404.82,2025-04-22,Pending Validation
E2420,340.45,2025-04-22,Pending Validation
E2421,1362.83,2025-04-22,Pending Validation
E2422,1336.97,2025-04-22,Pending Validation
E2423,1051.92,2025-04-22,Pending Validation
E2424,343.25,2025-04-22,Pending Validation
E2425,1241.87,2025-04-22,Pending Validation
E2426,209.58,2025-04-22,Pending Validation
E2427,1333.58,2025-04-22,Pending Validation
E2428,1306.98,2025-04-22,Pending Validation
E2429,364.8,2025-04-22,Pending Validation
E2430,1183.79,2025-04-22,Pending Validation
E2431,373.57,2025-04-22,Pending Validation
E2432,879.23,2025-04-22,Pending Validation
E2433,613.37,2025-04-22,Pending Validation
E2434,869.16,2025-04-22,Pending Validation
E2435,299.82,2025-04-22,Pending Validation
E2436,1388.49,2025-04-22,Pending Validation
E2437,212.68,2025-04-22,Pending Validation
E2438,268.26,2025-04-22,Pending Validation
E2439,1407.11,2025-04-22,Pending Validation
E2440,1412.49,2025-04-22,Pending Validation
E2441,933.02,2025-04-22,Pending Validation
E2442,802.24,2025-04-22,Pending Validation
E2443,958.26,2025-04-22,Pending Validation
E2444,549.02,2025-04-22,Pending Validation
E2445,879.29,2025-04-22,Pending Validation
E2446,800.46,2025-04-22,Pending Validation
E2447,842.53,2025-04-22,Pending Validation
E2448,93.03,2025-04-22,Pending Validation
E2449,160.18,2025-04-22,Pending Validation
E2450,520.46,2025-04-22,Pending Validation
E2451,507.22,2025-04-22,Pending Validation
E2452,1114.28,2025-04-22,Pending Validation
E2453,1545.25,2025-04-22,Pending Validation
E2454,336.19,2025-04-22,Pending Validation
E2455,916.4,2025-04-22,Pending Validation
E2456,795.89,2025-04-22,Pending Validation
E2457,1267.99,2025-04-22,Pending Validation
E2458,373.22,2025-04-22,Pending Validation
E2459,708.41,2025-04-22,Pending Validation
E2460,1220.52,2025-04-22,Pending Validation
E2461,368.49,2025-04-22,Pending Validation
E2462,941.64,2025-04-22,Pending Validation
E2463,176.86,2025-04-22,Pending Validation
E2464,426.54,2025-04-22,Pending Validation
E2465,1326.97,2025-04-22,Pending Validation
E2466,251.84,2025-04-22,Pending Validation
E2467,958.6,2025-04-22,Pending Validation
E2468,168.37,2025-04-22,Pending Validation
E2469,433.38,2025-04-22,Pending Validation
E2470,477.13,2025-04-22,Pending Validation
E2471,984.79,2025-04-22,Pending Validation
E2472,21.22,2025-04-22,Pending Validation
E2473,1088.45,2025-04-22,Pending Validation
E2474,255.89,2025-04-22,Pending Validation
E2475,1031.45,2025-04-22,Pending Validation
E2476,1351.35,2025-04-22,Pending Validation
E2477,1476.94,2025-04-22,Pending Validation
E2478,537.52,2025-04-22,Pending Validation
E2479,572.79,2025-04-22,Pending Validation
E2480,130.8,2025-04-22,Pending Validation
E2481,1314.94,2025-04-22,Pending Validation
E2482,1189.67,2025-04-22,Pending Validation
E2483,1287.97,2025-04-22,Pending Validation
E2484,1298.07,2025-04-22,Pending Validation
E2485,803.29,2025-04-22,Pending Validation
E2486,265.68,2025-04-22,Pending Validation
E2487,798.82,2025-04-22,Pending Validation
E2488,1000.33,2025-04-22,Pending Validation
E2489,1004.09,2025-04-22,Pending Validation
E2490,1127.5,2025-04-22,Pending Validation
E2491,1430.16,2025-04-22,Pending Validation
E2492,1103.89,2025-04-22,Pending Validation
E2493,1503.79,2025-04-22,Pending Validation
E2494,461.06,2025-04-22,Pending Validation
E2495,309.32,2025-04-22,Pending Validation
E2496,1328.63,2025-04-22,Pending Validation
E2497,633.31,2025-04-22,Pending Validation
E2498,1280.67,2025-04-22,Pending Validation
E2499,1480.59,2025-04-22,Pending Validation
E2500,241.82,2025-04-22,Pending Validation
E2501,584.78,2025-04-22,Pending Validation
E2502,667.64,2025-04-22,Pending Validation
E2503,1073.92,2025-04-22,Pending Validation
E2504,1406.47,2025-04-22,Pending Validation
E2505,646.53,2025-04-22,Pending Validation
E2506,899.35,2025-04-22,Pending Validation
E2507,797.43,2025-04-22,Pending Validation
E2508,488.9,2025-04-22,Pending Validation
E2509,109.29,2025-04-22,Pending Validation
E2510,1115.37,2025-04-22,Pending Validation
E2511,1324.94,2025-04-22,Pending Validation
E2512,136.41,2025-04-22,Pending Validation
E2513,465.31,2025-04-22,Pending Validation
E2514,142.43,2025-04-22,Pending Validation
E2515,1463.54,2025-04-22,Pending Validation
E2516,1321.76,2025-04-22,Pending Validation
E2517,1059.11,2025-04-22,Pending Validation
E2518,849.24,2025-04-22,Pending Validation
E2519,475.98,2025-04-22,Pending Validation
E2520,670.28,2025-04-22,Pending Validation
E2521,938.41,2025-04-22,Pending Validation
E2522,483.84,2025-04-22,Pending Validation
E2523,1382.07,2025-04-22,Pending Validation
E2524,738.58,2025-04-22,Pending Validation
E2525,811.8,2025-04-22,Pending Validation
E2526,517.56,2025-04-22,Pending Validation
E2527,1129.65,2025-04-22,Pending Validation
E2528,941.58,2025-04-22,Pending Validation
E2529,57.24,2025-04-22,Pending Validation
E2530,1421.03,2025-04-22,Pending Validation
E2531,451.95,2025-04-22,Pending Validation
E2532,530.94,2025-04-22,Pending Validation
E2533,220.4,2025-04-22,Pending Validation
E2534,860.55,2025-04-22,Pending Validation
E2535,715.75,2025-04-22,Pending Validation
E2536,1462.69,2025-04-22,Pending Validation
E2537,864.65,2025-04-22,Pending Validation
E2538,484.95,2025-04-22,Pending Validation
E2539,904.51,2025-04-22,Pending Validation
E2540,841.23,2025-04-22,Pending Validation
E2541,1063.79,2025-04-22,Pending Validation
E2542,1280.53,2025-04-22,Pending Validation
E2543,973.61,2025-04-22,Pending Validation
E2544,291.25,2025-04-22,Pending Validation
E2545,577.0,2025-04-22,Pending Validation
E2546,811.71,2025-04-22,Pending Validation
E2547,1455.84,2025-04-22,Pending Validation
E2548,303.96,2025-04-22,Pending Validation
E2549,918.09,2025-04-22,Pending Validation
E2550,366.13,2025-04-22,Pending Validation
E2551,201.66,2025-04-22,Pending Validation
E2552,1062.04,2025-04-22,Pending Validation
E2553,1547.89,2025-04-22,Pending Validation
E2554,691.18,2025-04-22,Pending Validation
E2555,545.04,2025-04-22,Pending Validation
E2556,383.19,2025-04-22,Pending Validation
E2557,973.56,2025-04-22,Pending Validation
E2558,1533.65,2025-04-22,Pending Validation
E2559,1249.54,2025-04-22,Pending Validation
E2560,943.27,2025-04-22,Pending Validation
E2561,905.05,2025-04-22,Pending Validation
E2562,958.37,2025-04-22,Pending Validation
E2563,1022.07,2025-04-22,Pending Validation
E2564,1534.96,2025-04-22,Pending Validation
E2565,877.95,2025-04-22,Pending Validation
E2566,489.04,2025-04-22,Pending Validation
E2567,309.82,2025-04-22,Pending Validation
E2568,230.79,2025-04-22,Pending Validation
E2569,806.73,2025-04-22,Pending Validation
E2570,1401.69,2025-04-22,Pending Validation
E2571,339.64,2025-04-22,Pending Validation
E2572,1417.69,2025-04-22,Pending Validation
E2573,1445.54,2025-04-22,Pending Validation
E2574,844.24,2025-04-22,Pending Validation
E2575,1484.55,2025-04-22,Pending Validation
E2576,344.27,2025-04-22,Pending Validation
E2577,1087.61,2025-04-22,Pending Validation
E2578,333.93,2025-04-22,Pending Validation
E2579,1144.17,2025-04-22,Pending Validation
E2580,814.72,2025-04-22,Pending Validation
E2581,999.56,2025-04-22,Pending Validation
E2582,246.82,2025-04-22,Pending Validation
E2583,1310.21,2025-04-22,Pending Validation
E2584,1158.72,2025-04-22,Pending Validation
E2585,1343.11,2025-04-22,Pending Validation
E2586,1146.12,2025-04-22,Pending Validation
E2587,545.44,2025-04-22,Pending Validation
E2588,1136.09,2025-04-22,Pending Validation
E2589,1333.43,2025-04-22,Pending Validation
E2590,157.75,2025-04-22,Pending Validation
E2591,1024.63,2025-04-22,Pending Validation
E2592,890.32,2025-04-22,Pending Validation
E2593,1262.19,2025-04-22,Pending Validation
E2594,1068.14,2025-04-22,Pending Validation
E2595,1084.56,2025-04-22,Pending Validation
E2596,206.83,2025-04-22,Pending Validation
E2597,299.56,2025-04-22,Pending Validation
E2598,512.07,2025-04-22,Pending Validation
E2599,1278.42,2025-04-22,Pending Validation
E2600,266.51,2025-04-22,Pending Validation
E2601,373.5,2025-04-22,Pending Validation
E2602,448.39,2025-04-22,Pending Validation
E2603,80.57,2025-04-22,Pending Validation
E2604,939.68,2025-04-22,Pending Validation
E2605,915.5,2025-04-22,Pending Validation
E2606,445.86,2025-04-22,Pending Validation
E2607,1073.05,2025-04-22,Pending Validation
E2608,1061.18,2025-04-22,Pending Validation
E2609,409.0,2025-04-22,Pending Validation
E2610,346.34,2025-04-22,Pending Validation
E2611,1282.14,2025-04-22,Pending Validation
E2612,898.89,2025-04-22,Pending Validation
E2613,1274.41,2025-04-22,Pending Validation
E2614,1274.7,2025-04-22,Pending Validation
E2615,680.72,2025-04-22,Pending Validation
E2616,217.56,2025-04-22,Pending Validation
E2617,1073.5,2025-04-22,Pending Validation
E2618,1091.23,2025-04-22,Pending Validation
E2619,701.19,2025-04-22,Pending Validation
E2620,142.8,2025-04-22,Pending Validation
E2621,1055.7,2025-04-22,Pending Validation
E2622,873.13,2025-04-22,Pending Validation
E2623,1404.46,2025-04-22,Pending Validation
E2624,615.92,2025-04-22,Pending Validation
E2625,1016.13,2025-04-22,Pending Validation
E2626,760.11,2025-04-22,Pending Validation
E2627,1004.88,2025-04-22,Pending Validation
E2628,395.29,2025-04-22,Pending Validation
E2629,1164.62,2025-04-22,Pending Validation
E2630,1071.75,2025-04-22,Pending Validation
E2631,341.34,2025-04-22,Pending Validation
E2632,1103.76,2025-04-22,Pending Validation
E2633,911.9,2025-04-22,Pending Validation
E2634,566.81,2025-04-22,Pending Validation
E2635,901.86,2025-04-22,Pending Validation
E2636,282.97,2025-04-22,Pending Validation
E2637,227.05,2025-04-22,Pending Validation
E2638,381.5,2025-04-22,Pending Validation
E2639,882.85,2025-04-22,Pending Validation
E2640,634.79,2025-04-22,Pending Validation
E2641,102.04,2025-04-22,Pending Validation
E2642,989.76,2025-04-22,Pending Validation
E2643,544.07,2025-04-22,Pending Validation
E2644,1219.41,2025-04-22,Pending Validation
E2645,1139.82,2025-04-22,Pending Validation
E2646,725.12,2025-04-22,Pending Validation
E2647,1250.21,2025-04-22,Pending Validation
E2648,1264.47,2025-04-22,Pending Validation
E2649,1220.72,2025-04-22,Pending Validation
E2650,160.39,2025-04-22,Pending Validation
E2651,1481.42,2025-04-22,Pending Validation
E2652,803.39,2025-04-22,Pending Validation
E2653,945.75,2025-04-22,Pending Validation
E2654,1315.95,2025-04-22,Pending Validation
E2655,480.34,2025-04-22,Pending Validation
E2656,492.88,2025-04-22,Pending Validation
E2657,1314.17,2025-04-22,Pending Validation
E2658,1269.74,2025-04-22,Pending Validation
E2659,1029.45,2025-04-22,Pending Validation
E2660,633.27,2025-04-22,Pending Validation
E2661,239.27,2025-04-22,Pending Validation
E2662,213.96,2025-04-22,Pending Validation
E2663,1137.56,2025-04-22,Pending Validation
E2664,1086.0,2025-04-22,Pending Validation
E2665,1314.75,2025-04-22,Pending Validation
E2666,561.73,2025-04-22,Pending Validation
E2667,1126.44,2025-04-22,Pending Validation
E2668,151.32,2025-04-22,Pending Validation
E2669,1176.13,2025-04-22,Pending Validation
E2670,264.67,2025-04-22,Pending Validation
E2671,446.76,2025-04-22,Pending Validation
E2672,964.71,2025-04-22,Pending Validation
E2673,978.69,2025-04-22,Pending Validation
E2674,1544.69,2025-04-22,Pending Validation
E2675,415.33,2025-04-22,Pending Validation
E2676,989.28,2025-04-22,Pending Validation
E2677,219.17,2025-04-22,Pending Validation
E2678,1199.29,2025-04-22,Pending Validation
E2679,1305.42,2025-04-22,Pending Validation
E2680,502.05,2025-04-22,Pending Validation
E2681,549.3,2025-04-22,Pending Validation
E2682,38.1,2025-04-22,Pending Validation
E2683,162.87,2025-04-22,Pending Validation
E2684,1004.76,2025-04-22,Pending Validation
E2685,846.75,2025-04-22,Pending Validation
E2686,611.36,2025-04-22,Pending Validation
E2687,96.52,2025-04-22,Pending Validation
E2688,500.64,2025-04-22,Pending Validation
E2689,1186.52,2025-04-22,Pending Validation
E2690,365.69,2025-04-22,Pending Validation
E2691,1136.34,2025-04-22,Pending Validation
E2692,1299.34,2025-04-22,Pending Validation
E2693,703.71,2025-04-22,Pending Validation
E2694,1287.93,2025-04-22,Pending Validation
E2695,457.97,2025-04-22,Pending Validation
E2696,805.25,2025-04-22,Pending Validation
E2697,1546.15,2025-04-22,Pending Validation
E2698,1426.65,2025-04-22,Pending Validation
E2699,814.22,2025-04-22,Pending Validation
E2700,1465.64,2025-04-22,Pending Validation
E2701,1234.74,2025-04-22,Pending Validation
E2702,615.72,2025-04-22,Pending Validation
E2703,1268.06,2025-04-22,Pending Validation
E2704,725.9,2025-04-22,Pending Validation
E2705,1344.17,2025-04-22,Pending Validation
E2706,1484.92,2025-04-22,Pending Validation
E2707,1330.75,2025-04-22,Pending Validation
E2708,1051.03,2025-04-22,Pending Validation
E2709,444.66,2025-04-22,Pending Validation
E2710,828.77,2025-04-22,Pending Validation
E2711,1290.3,2025-04-22,Pending Validation
E2712,760.6,2025-04-22,Pending Validation
E2713,518.41,2025-04-22,Pending Validation
E2714,601.03,2025-04-22,Pending Validation
E2715,473.19,2025-04-22,Pending Validation
E2716,913.62,2025-04-22,Pending Validation
E2717,264.47,2025-04-22,Pending Validation
E2718,1150.5,2025-04-22,Pending Validation
E2719,1332.35,2025-04-22,Pending Validation
E2720,1271.78,2025-04-22,Pending Validation
E2721,455.21,2025-04-22,Pending Validation
E2722,796.89,2025-04-22,Pending Validation
E2723,388.17,2025-04-22,Pending Validation
E2724,439.71,2025-04-22,Pending Validation
E2725,1051.82,2025-04-22,Pending Validation
E2726,1434.18,2025-04-22,Pending Validation
E2727,632.89,2025-04-22,Pending Validation
E2728,906.2,2025-04-22,Pending Validation
E2729,559.55,2025-04-22,Pending Validation
E2730,1470.04,2025-04-22,Pending Validation
E2731,894.24,2025-04-22,Pending Validation
E2732,423.28,2025-04-22,Pending Validation
E2733,240.73,2025-04-22,Pending Validation
E2734,788.41,2025-04-22,Pending Validation
E2735,922.72,2025-04-22,Pending Validation
E2736,119.74,2025-04-22,Pending Validation
E2737,633.83,2025-04-22,Pending Validation
E2738,1356.75,2025-04-22,Pending Validation
E2739,664.41,2025-04-22,Pending Validation
E2740,159.1,2025-04-22,Pending Validation
E2741,637.04,2025-04-22,Pending Validation
E2742,1035.75,2025-04-22,Pending Validation
E2743,350.78,2025-04-22,Pending Validation
E2744,286.69,2025-04-22,Pending Validation
E2745,1322.01,2025-04-22,Pending Validation
E2746,1319.08,2025-04-22,Pending Validation
E2747,353.15,2025-04-22,Pending Validation
E2748,1397.97,2025-04-22,Pending Validation
E2749,637.1,2025-04-22,Pending Validation
E2750,986.76,2025-04-22,Pending Validation
E2751,468.14,2025-04-22,Pending Validation
E2752,1271.4,2025-04-22,Pending Validation
E2753,122.14,2025-04-22,Pending Validation
E2754,413.15,2025-04-22,Pending Validation
E2755,331.94,2025-04-22,Pending Validation
E2756,1288.93,2025-04-22,Pending Validation
E2757,407.65,2025-04-22,Pending Validation
E2758,221.87,2025-04-22,Pending Validation
E2759,1304.47,2025-04-22,Pending Validation
E2760,202.03,2025-04-22,Pending Validation
E2761,1052.4,2025-04-22,Pending Validation
E2762,1466.77,2025-04-22,Pending Validation
E2763,296.7,2025-04-22,Pending Validation
E2764,1350.59,2025-04-22,Pending Validation
E2765,119.38,2025-04-22,Pending Validation
E2766,325.56,2025-04-22,Pending Validation
E2767,738.44,2025-04-22,Pending Validation
E2768,324.38,2025-04-22,Pending Validation
E2769,1125.97,2025-04-22,Pending Validation
E2770,1201.0,2025-04-22,Pending Validation
E2771,719.5,2025-04-22,Pending Validation
E2772,1189.71,2025-04-22,Pending Validation
E2773,1298.99,2025-04-22,Pending Validation
E2774,801.41,2025-04-22,Pending Validation
E2775,383.1,2025-04-22,Pending Validation
E2776,1212.13,2025-04-22,Pending Validation
E2777,934.04,2025-04-22,Pending Validation
E2778,1294.44,2025-04-22,Pending Validation
E2779,1191.34,2025-04-22,Pending Validation
E2780,1003.31,2025-04-22,Pending Validation
E2781,856.28,2025-04-22,Pending Validation
E2782,1210.36,2025-04-22,Pending Validation
E2783,1464.17,2025-04-22,Pending Validation
E2784,1078.64,2025-04-22,Pending Validation
E2785,1414.21,2025-04-22,Pending Validation
E2786,69.43,2025-04-22,Pending Validation
E2787,1431.86,2025-04-22,Pending Validation
E2788,976.2,2025-04-22,Pending Validation
E2789,1120.28,2025-04-22,Pending Validation
E2790,592.99,2025-04-22,Pending Validation
E2791,895.86,2025-04-22,Pending Validation
E2792,1209.86,2025-04-22,Pending Validation
E2793,910.13,2025-04-22,Pending Validation
E2794,643.2,2025-04-22,Pending Validation
E2795,237.29,2025-04-22,Pending Validation
E2796,904.26,2025-04-22,Pending Validation
E2797,1294.87,2025-04-22,Pending Validation
E2798,1373.94,2025-04-22,Pending Validation
E2799,995.01,2025-04-22,Pending Validation
E2800,505.51,2025-04-22,Pending Validation
E2801,169.73,2025-04-22,Pending Validation
E2802,910.95,2025-04-22,Pending Validation
E2803,625.45,2025-04-22,Pending Validation
E2804,712.05,2025-04-22,Pending Validation
E2805,692.35,2025-04-22,Pending Validation
E2806,941.49,2025-04-22,Pending Validation
E2807,389.46,2025-04-22,Pending Validation
E2808,1369.54,2025-04-22,Pending Validation
E2809,1421.55,2025-04-22,Pending Validation
E2810,442.6,2025-04-22,Pending Validation
E2811,1420.01,2025-04-22,Pending Validation
E2812,125.19,2025-04-22,Pending Validation
E2813,263.93,2025-04-22,Pending Validation
E2814,966.79,2025-04-22,Pending Validation
E2815,219.74,2025-04-22,Pending Validation
E2816,1070.0,2025-04-22,Pending Validation
E2817,830.45,2025-04-22,Pending Validation
E2818,212.89,2025-04-22,Pending Validation
E2819,906.71,2025-04-22,Pending Validation
E2820,432.34,2025-04-22,Pending Validation
E2821,341.55,2025-04-22,Pending Validation
E2822,1256.77,2025-04-22,Pending Validation
E2823,607.56,2025-04-22,Pending Validation
E2824,1436.19,2025-04-22,Pending Validation
E2825,53.97,2025-04-22,Pending Validation
E2826,223.67,2025-04-22,Pending Validation
E2827,844.47,2025-04-22,Pending Validation
E2828,1006.48,2025-04-22,Pending Validation
E2829,167.13,2025-04-22,Pending Validation
E2830,1515.29,2025-04-22,Pending Validation
E2831,651.17,2025-04-22,Pending Validation
E2832,1329.35,2025-04-22,Pending Validation
E2833,1459.7,2025-04-22,Pending Validation
E2834,1052.78,2025-04-22,Pending Validation
E2835,379.48,2025-04-22,Pending Validation
E2836,176.4,2025-04-22,Pending Validation
E2837,195.61,2025-04-22,Pending Validation
E2838,1266.18,2025-04-22,Pending Validation
E2839,911.94,2025-04-22,Pending Validation
E2840,1134.98,2025-04-22,Pending Validation
E2841,421.07,2025-04-22,Pending Validation
E2842,322.15,2025-04-22,Pending Validation
E2843,570.22,2025-04-22,Pending Validation
E2844,1477.65,2025-04-22,Pending Validation
E2845,298.38,2025-04-22,Pending Validation
E2846,359.82,2025-04-22,Pending Validation
E2847,1309.02,2025-04-22,Pending Validation
E2848,1563.18,2025-04-22,Pending Validation
E2849,263.88,2025-04-22,Pending Validation
E2850,793.5,2025-04-22,Pending Validation
E2851,252.56,2025-04-22,Pending Validation
E2852,690.14,2025-04-22,Pending Validation
E2853,936.34,2025-04-22,Pending Validation
E2854,991.84,2025-04-22,Pending Validation
E2855,1007.85,2025-04-22,Pending Validation
E2856,1492.58,2025-04-22,Pending Validation
E2857,770.13,2025-04-22,Pending Validation
E2858,519.38,2025-04-22,Pending Validation
E2859,527.31,2025-04-22,Pending Validation
E2860,323.61,2025-04-22,Pending Validation
E2861,1217.93,2025-04-22,Pending Validation
E2862,1217.34,2025-04-22,Pending Validation
E2863,1034.67,2025-04-22,Pending Validation
E2864,949.74,2025-04-22,Pending Validation
E2865,1224.99,2025-04-22,Pending Validation
E2866,990.37,2025-04-22,Pending Validation
E2867,481.89,2025-04-22,Pending Validation
E2868,1409.78,2025-04-22,Pending Validation
E2869,123.22,2025-04-22,Pending Validation
E2870,394.61,2025-04-22,Pending Validation
E2871,1204.08,2025-04-22,Pending Validation
E2872,967.5,2025-04-22,Pending Validation
E2873,503.77,2025-04-22,Pending Validation
E2874,462.72,2025-04-22,Pending Validation
E2875,985.78,2025-04-22,Pending Validation
E2876,608.74,2025-04-22,Pending Validation
E2877,653.27,2025-04-22,Pending Validation
E2878,630.01,2025-04-22,Pending Validation
E2879,962.67,2025-04-22,Pending Validation
E2880,939.26,2025-04-22,Pending Validation
E2881,1132.92,2025-04-22,Pending Validation
E2882,820.58,2025-04-22,Pending Validation
E2883,1101.83,2025-04-22,Pending Validation
E2884,1445.27,2025-04-22,Pending Validation
E2885,479.8,2025-04-22,Pending Validation
E2886,1424.5,2025-04-22,Pending Validation
E2887,1043.24,2025-04-22,Pending Validation
E2888,214.21,2025-04-22,Pending Validation
E2889,890.41,2025-04-22,Pending Validation
E2890,911.92,2025-04-22,Pending Validation
E2891,1543.42,2025-04-22,Pending Validation
E2892,107.19,2025-04-22,Pending Validation
E2893,310.26,2025-04-22,Pending Validation
E2894,1202.88,2025-04-22,Pending Validation
E2895,1077.11,2025-04-22,Pending Validation
E2896,787.89,2025-04-22,Pending Validation
E2897,1561.14,2025-04-22,Pending Validation
E2898,615.1,2025-04-22,Pending Validation
E2899,624.12,2025-04-22,Pending Validation
E2900,1392.77,2025-04-22,Pending Validation
E2901,972.48,2025-04-22,Pending Validation
E2902,1111.81,2025-04-22,Pending Validation
E2903,418.18,2025-04-22,Pending Validation
E2904,906.25,2025-04-22,Pending Validation
E2905,1392.31,2025-04-22,Pending Validation
E2906,272.16,2025-04-22,Pending Validation
E2907,705.42,2025-04-22,Pending Validation
E2908,740.39,2025-04-22,Pending Validation
E2909,224.49,2025-04-22,Pending Validation
E2910,1289.69,2025-04-22,Pending Validation
E2911,758.97,2025-04-22,Pending Validation
E2912,789.77,2025-04-22,Pending Validation
E2913,704.07,2025-04-22,Pending Validation
E2914,1157.72,2025-04-22,Pending Validation
E2915,204.35,2025-04-22,Pending Validation
E2916,465.99,2025-04-22,Pending Validation
E2917,1246.45,2025-04-22,Pending Validation
E2918,945.57,2025-04-22,Pending Validation
E2919,124.53,2025-04-22,Pending Validation
E2920,1095.04,2025-04-22,Pending Validation
E2921,1471.74,2025-04-22,Pending Validation
E2922,860.71,2025-04-22,Pending Validation
E2923,731.05,2025-04-22,Pending Validation
E2924,311.26,2025-04-22,Pending Validation
E2925,365.85,2025-04-22,Pending Validation
E2926,377.77,2025-04-22,Pending Validation
E2927,766.31,2025-04-22,Pending Validation
E2928,1091.68,2025-04-22,Pending Validation
E2929,1071.68,2025-04-22,Pending Validation
E2930,578.03,2025-04-22,Pending Validation
E2931,1269.23,2025-04-22,Pending Validation
E2932,763.95,2025-04-22,Pending Validation
E2933,590.09,2025-04-22,Pending Validation
E2934,525.63,2025-04-22,Pending Validation
E2935,219.26,2025-04-22,Pending Validation
E2936,516.29,2025-04-22,Pending Validation
E2937,620.97,2025-04-22,Pending Validation
E2938,298.93,2025-04-22,Pending Validation
E2939,809.64,2025-04-22,Pending Validation
E2940,269.61,2025-04-22,Pending Validation
E2941,384.16,2025-04-22,Pending Validation
E2942,1233.67,2025-04-22,Pending Validation
E2943,538.08,2025-04-22,Pending Validation
E2944,586.42,2025-04-22,Pending Validation
E2945,182.43,2025-04-22,Pending Validation
E2946,314.35,2025-04-22,Pending Validation
E2947,253.37,2025-04-22,Pending Validation
E2948,382.1,2025-04-22,Pending Validation
E2949,1164.61,2025-04-22,Pending Validation
E2950,654.59,2025-04-22,Pending Validation
E2951,980.83,2025-04-22,Pending Validation
E2952,1158.46,2025-04-22,Pending Validation
E2953,488.03,2025-04-22,Pending Validation
E2954,1148.23,2025-04-22,Pending Validation
E2955,1424.4,2025-04-22,Pending Validation
E2956,728.8,2025-04-22,Pending Validation
E2957,1399.47,2025-04-22,Pending Validation
E2958,149.46,2025-04-22,Pending Validation
E2959,1206.28,2025-04-22,Pending Validation
E2960,450.12,2025-04-22,Pending Validation
E2961,1331.92,2025-04-22,Pending Validation
E2962,864.58,2025-04-22,Pending Validation
E2963,604.0,2025-04-22,Pending Validation
E2964,558.73,2025-04-22,Pending Validation
E2965,1116.17,2025-04-22,Pending Validation
E2966,241.15,2025-04-22,Pending Validation
E2967,199.55,2025-04-22,Pending Validation
E2968,1401.95,2025-04-22,Pending Validation
E2969,1017.68,2025-04-22,Pending Validation
E2970,646.85,2025-04-22,Pending Validation
E2971,1029.98,2025-04-22,Pending Validation
E2972,1215.61,2025-04-22,Pending Validation
E2973,418.02,2025-04-22,Pending Validation
E2974,581.17,2025-04-22,Pending Validation
E2975,667.08,2025-04-22,Pending Validation
E2976,827.44,2025-04-22,Pending Validation
E2977,1339.13,2025-04-22,Pending Validation
E2978,208.43,2025-04-22,Pending Validation
E2979,915.05,2025-04-22,Pending Validation
E2980,633.22,2025-04-22,Pending Validation
E2981,72.19,2025-04-22,Pending Validation
E2982,623.8,2025-04-22,Pending Validation
E2983,688.33,2025-04-22,Pending Validation
E2984,1140.9,2025-04-22,Pending Validation
E2985,698.43,2025-04-22,Pending Validation
E2986,214.14,2025-04-22,Pending Validation
E2987,124.46,2025-04-22,Pending Validation
E2988,747.79,2025-04-22,Pending Validation
E2989,1093.6,2025-04-22,Pending Validation
E2990,279.98,2025-04-22,Pending Validation
E2991,960.81,2025-04-22,Pending Validation
E2992,1109.73,2025-04-22,Pending Validation
E2993,1024.03,2025-04-22,Pending Validation
E2994,1243.2,2025-04-22,Pending Validation
E2995,84.4,2025-04-22,Pending Validation
E2996,433.76,2025-04-22,Pending Validation
E2997,928.06,2025-04-22,Pending Validation
E2998,890.56,2025-04-22,Pending Validation
E2999,409.8,2025-04-22,Pending Validation
